Customer Name,State,Product,Units Sold,Unit Price,Total Sale,Sale Date,Sales Channel,Order ID,price_per_unit,total_value,revenue_category,year,month,day
,rivers,KEYBOARD,47.0,155703.69921212122,7318073.862969697,2025-04-27,Online,,155703.69921212122,7318073.862969697,High,2025,4,27
Allison Hill,Lagos,Headphones,47.0,267992.94,12595668.18,2024-03-15,Wholesale,4c636e95-025f-4543-8997-623ae0723d96,267992.94,12595668.18,High,2024,3,15
Noah Rhodes,Anambra,Keyboard,47.0,42364.41,1991127.2700000003,2024-12-10,,edaf3766-1b78-4ede-9a4f-fc0c9165f2ed,42364.41,1991127.2700000003,High,2024,12,10
Angie Henderson,Delta,Keyboard,47.0,279444.94,13133912.18,2024-04-05,,74503887-48d9-4846-95c5-51fcfba57cc8,279444.94,13133912.18,High,2024,4,5
Daniel Wagner,Delta,Tablet,47.0,95899.74,4507287.78,2025-01-12,,8639bd41-8b15-4d94-a42d-0cd7fd359f6a,95899.74,4507287.78,High,2025,1,12
Cristian Santos,Oyo,Camera,47.0,118189.9,5554925.3,2023-08-30,Direct,225aed6c-f045-4043-a3a6-8a707e710b55,118189.9,5554925.3,High,2023,8,30
Connie Lawrence,Rivers,Tablet,36.0,185141.9,6665108.4,2024-09-10,Wholesale,45d8a6ad-77d0-459e-8114-14f8d9df0d0e,185141.9,6665108.399999999,High,2024,9,10
Abigail Shaffer,Imo,Keyboard,47.0,252859.28,11884386.16,2024-09-04,Online,54a7b69b-1cd6-4b09-8f0e-6d2b315c167a,252859.28,11884386.16,High,2024,9,4
Gina Moore,Kano,CAMERA,47.0,178320.53,8381064.91,2024-02-21,Wholesale,a5f60735-757b-4b29-bb2a-a1462999394c,178320.53,8381064.91,High,2024,2,21
Gabrielle Davis,plateau,Tablet,47.0,152440.84,7164719.4799999995,2025-06-02,Direct,039b058c-2faa-4e0b-b7f6-0cdf41dc1c60,152440.84,7164719.4799999995,High,2025,6,2
Ryan Munoz,Niger,Keyboard,47.0,155703.69921212122,7318073.862969697,2024-02-28,Direct,4b86b5a1-ca6f-4ff8-964c-fbd2bc92fd81,155703.69921212122,7318073.862969697,High,2024,2,28
Monica Herrera,Abuja,Laptop,3.0,153159.37,459478.11,2025-05-02,Retail,317304b5-c1dd-484a-aca5-8d95915a1c30,153159.37,459478.11,High,2025,5,2
Jamie Arnold,Lagos,Tablet,43.0,147209.07,6329990.01,2023-11-10,Wholesale,a383889a-db2c-4ac8-9c67-83932ced3c0d,147209.07,6329990.010000001,High,2023,11,10
,Kano,Camera,47.0,169095.82,7947503.54,2025-01-13,,6d7df5d0-d3b5-4af7-a7ce-378fe5a4983b,169095.82,7947503.54,High,2025,1,13
Lisa Hensley,Enugu,Tablet,27.0,142730.33,3853718.91,2025-01-12,Direct,,142730.33,3853718.9099999997,High,2025,1,12
Michele Williams,Delta,Charger,47.0,5482.77,257690.19000000003,2025-06-30,Direct,669d01ff-1634-425b-93f3-007383e96ef4,5482.77,257690.19000000003,High,2025,6,30
Dylan Miller,Bauchi,CHARGER,47.0,99706.26,4686194.22,2025-01-04,Retail,fb4fb88a-2f4d-4219-986b-2880ab545a15,99706.26,4686194.22,High,2025,1,4
Brian Ramirez,Katsina,Laptop,28.0,33326.57,933143.96,2024-11-17,,ef9240b6-52d7-4f10-ba3a-6e9623ff23d3,33326.57,933143.96,High,2024,11,17
Holly Wood,lagos,Headphones,43.0,125253.81,5385913.83,2023-11-23,Direct,6231ee73-42c2-42eb-81bf-9e733f800385,125253.81,5385913.83,High,2023,11,23
Derek Zuniga,Imo,Headphones,77.0,92649.51,7134012.27,2025-03-18,Online,4459bd6e-c0f6-4229-b25d-42593c4b1eec,92649.51,7134012.27,High,2025,3,18
Lisa Jackson,Enugu,Camera,36.0,155703.69921212122,5605333.171636364,2024-04-16,,951c25d5-4d4c-4280-9462-52e7f43ba052,155703.69921212122,5605333.171636364,High,2024,4,16
Carla Gray,Imo,Monitor,47.0,269680.75,12674995.25,2024-08-09,Wholesale,42f525b9-02ed-43ce-92a8-1713b90ed44b,269680.75,12674995.25,High,2024,8,9
Margaret Hawkins DDS,Niger,Headphones,33.0,261693.68,8635891.44,2024-01-01,Retail,3c7e5368-b159-4847-9c0b-9b10a757cb10,261693.68,8635891.44,High,2024,1,1
Patty Perez,Delta,Camera,47.0,188963.51,8881284.97,2023-10-13,Online,77242041-1e43-4bd2-aaf4-07f70fe76149,188963.51,8881284.97,High,2023,10,13
Ethan Adams,Ekiti,LAPTOP,4.0,179274.43,717097.72,2023-12-14,Online,afa28559-67c9-4204-a8e3-33b64e8adc4b,179274.43,717097.72,High,2023,12,14
Tommy Walter,Plateau,Monitor,47.0,80026.37,3761239.3899999997,2025-03-17,Wholesale,e346f415-e526-4a2b-ac50-ace480a52e65,80026.37,3761239.3899999997,High,2025,3,17
,Anambra,Monitor,47.0,196849.5,9251926.5,2023-10-26,Retail,b0b6dedf-4f9c-4027-8514-4d98b41c504f,196849.5,9251926.5,High,2023,10,26
Matthew Foster,lagos,Charger,42.0,291631.03,12248503.26,2024-01-10,Direct,f0cd7f05-ea87-455e-a382-95d31e0ef546,291631.03,12248503.260000002,High,2024,1,10
Judy Baker,Kaduna,Keyboard,47.0,173753.06,8166393.82,2025-03-15,Retail,,173753.06,8166393.82,High,2025,3,15
Justin Baker,Niger,Monitor,7.0,68649.2,480544.4,2024-07-28,Direct,3889936a-9d58-47e8-9e17-5b664b87959f,68649.2,480544.39999999997,High,2024,7,28
Stephanie Ross,Sokoto,Phone,47.0,155703.69921212122,7318073.862969697,2023-07-31,Wholesale,7a6a2107-2231-4050-b515-94943818cfd3,155703.69921212122,7318073.862969697,High,2023,7,31
Zachary Hicks,Anambra,Camera,68.0,15880.87,1079899.16,2024-04-16,Wholesale,fd247c11-bf6b-4cdf-b479-7b6127372b52,15880.87,1079899.1600000001,High,2024,4,16
Anthony Rodriguez,Oyo,MONITOR,96.0,144394.41,13861863.36,2024-09-13,Online,b3b26337-6a74-4bb7-9fa5-e0aa9b11b530,144394.41,13861863.36,High,2024,9,13
Rebecca Henderson,Enugu,Monitor,47.0,157507.58,7402856.26,2024-09-27,Online,c1e1b94a-7888-4058-a9ad-0e9b8c9aa1e9,157507.58,7402856.26,High,2024,9,27
James Ferrell,Sokoto,Phone,47.0,216494.26,10175230.22,2024-04-22,Online,d35ac07a-aa02-47d0-8d4f-8b2b899ac252,216494.26,10175230.22,High,2024,4,22
Tricia Valencia,Rivers,Monitor,47.0,232494.54,10927243.38,2024-07-08,Wholesale,ae2ae341-3f59-44f2-8309-3b6e37e9d2e2,232494.54,10927243.38,High,2024,7,8
Nathan Maldonado,kano,Keyboard,47.0,114367.01,5375249.47,2025-03-26,Direct,c9912032-df85-4777-9887-4bfec1369c65,114367.01,5375249.47,High,2025,3,26
Debra Davidson,Benue,Phone,65.0,246587.56,16028191.4,2024-09-11,Wholesale,87365a84-725e-434d-8687-9aa914f573d0,246587.56,16028191.4,High,2024,9,11
Jeffrey Chavez,Rivers,Charger,79.0,73037.87,5769991.73,2023-10-19,Wholesale,ead08c89-13fe-4a29-9c9d-eee0b42a0456,73037.87,5769991.7299999995,High,2023,10,19
,Osun,Tablet,47.0,171984.8,8083285.6,2024-10-28,Online,d42a895e-0fcf-401f-9cb9-b73a906d5c8c,171984.8,8083285.6,High,2024,10,28
Sherri Baker,Osun,MONITOR,47.0,155703.69921212122,7318073.862969697,2025-05-27,Retail,33c08bf1-8167-499f-a723-ada38c32bdb2,155703.69921212122,7318073.862969697,High,2025,5,27
Cassandra Gaines,Katsina,Monitor,47.0,210306.01,9884382.47,2023-09-15,Online,2a1f1b61-265c-49d9-8962-8f6e929c93b3,210306.01,9884382.47,High,2023,9,15
Elizabeth Fowler,Anambra,Camera,4.0,57639.91,230559.64,2023-08-31,Retail,,57639.91,230559.64,High,2023,8,31
Brittany Farmer,Abuja,Keyboard,47.0,132591.05,6231779.35,2024-03-07,Direct,711c7673-8535-4a69-9abf-984e53ff8461,132591.05,6231779.35,High,2024,3,7
Paula Moreno,Ekiti,Camera,47.0,125924.7,5918460.899999999,2024-05-15,Direct,b787ef8d-3495-411e-ae27-d4321dc1e7eb,125924.7,5918460.899999999,High,2024,5,15
Fred Smith,imo,Tablet,47.0,124181.55,5836532.850000001,2025-01-17,,e61d9cde-1747-4387-bd23-d47995492a82,124181.55,5836532.850000001,High,2025,1,17
Sherry Decker,Rivers,Monitor,47.0,61565.56,2893581.32,2025-01-19,,0e3e25f2-cf06-41c7-b20b-274b82a7f586,61565.56,2893581.32,High,2025,1,19
Anthony Humphrey,Benue,Keyboard,10.0,150794.94,1507949.4,2024-07-16,,6a5943ce-8364-45e3-a1c7-1aa3741423b5,150794.94,1507949.4,High,2024,7,16
Angelica Tucker,Kano,PHONE,47.0,183637.68,8630970.959999999,2024-08-22,Direct,8f0d5540-0ec7-4662-905c-7bdd74f0beae,183637.68,8630970.959999999,High,2024,8,22
Philip Cannon,Imo,Monitor,19.0,141745.84,2693170.96,2024-05-25,Online,4ee4334e-ce92-4136-ac3a-812f765e6cb5,141745.84,2693170.96,High,2024,5,25
John Pierce,Borno,Charger,47.0,155703.69921212122,7318073.862969697,2025-02-27,Online,41241bb4-655c-4508-8592-bfa5b928e23f,155703.69921212122,7318073.862969697,High,2025,2,27
Shane Henderson,Katsina,Monitor,47.0,254588.91,11965678.77,2024-05-24,Online,37c86152-beed-4af9-80c5-9f30d1031424,254588.91,11965678.77,High,2024,5,24
,Osun,Headphones,47.0,218356.93,10262775.709999999,2025-04-10,Wholesale,6c776e95-0b98-4ccd-92b2-102d940c3503,218356.93,10262775.709999999,High,2025,4,10
Joshua Blair,Plateau,Keyboard,47.0,211879.68,9958344.959999999,2024-09-29,,8a89b0f0-1052-41d3-b34c-6c7358330b30,211879.68,9958344.959999999,High,2024,9,29
Eric Carney,enugu,Headphones,47.0,155845.62,7324744.14,2023-09-06,Online,e4eb8000-ef40-4162-8f6c-e9bffe7ee362,155845.62,7324744.14,High,2023,9,6
Jessica Holmes,Kano,Phone,47.0,168485.59,7918822.7299999995,2023-10-16,,78d9a88a-ef0b-4a4f-bc73-7d9211ab3d11,168485.59,7918822.7299999995,High,2023,10,16
Danny Morgan,Abuja,MONITOR,47.0,299437.8,14073576.6,2024-03-13,,,299437.8,14073576.6,High,2024,3,13
Crystal Robinson,Delta,Phone,47.0,143772.11,6757289.169999999,2024-11-20,Wholesale,2e13418d-68ab-40ea-897e-c6d1081fc6dc,143772.11,6757289.169999999,High,2024,11,20
Mark Perez,Borno,Laptop,47.0,113359.02,5327873.94,2023-09-06,Direct,a43afb7a-c40d-4874-a2ab-7752c4db5a62,113359.02,5327873.94,High,2023,9,6
Shannon Jones,Kano,Monitor,47.0,287027.3,13490283.1,2024-06-24,Online,f6ba745b-a558-41e3-bab2-b77dfa740cc8,287027.3,13490283.1,High,2024,6,24
Michael Lewis,Delta,Headphones,47.0,155703.69921212122,7318073.862969697,2024-07-06,Wholesale,e42e707a-fe2b-4987-9fdc-abbf6b9cd71c,155703.69921212122,7318073.862969697,High,2024,7,6
Timothy Duncan,Rivers,Keyboard,93.0,138169.23,12849738.39,2024-12-20,Direct,eac80da1-de9f-4f5b-b2d3-545861ea2f30,138169.23,12849738.39,High,2024,12,20
Richard Aguirre,Benue,Headphones,47.0,160171.56,7528063.32,2024-08-15,Direct,148b4376-602a-4e57-a0a3-99d4e821e716,160171.56,7528063.32,High,2024,8,15
Brent Jordan,anambra,Phone,47.0,164108.83,7713115.01,2024-04-03,Online,dfe2c0a0-a96b-4c42-b6d2-2a7baec76a82,164108.83,7713115.01,High,2024,4,3
John Daniel,Ekiti,TABLET,47.0,202922.64,9537364.08,2023-10-18,,dc3bbdd8-a74e-42a9-a20b-9ea98a0f9508,202922.64,9537364.08,High,2023,10,18
,Osun,Monitor,47.0,260362.49,12237037.03,2025-05-22,Retail,fe2b34d8-2db0-428d-9e5e-be5459077299,260362.49,12237037.03,High,2025,5,22
Victoria Garcia,Kaduna,Charger,94.0,204383.39,19212038.66,2025-04-14,,2099d180-8762-4997-a49f-7d888989c5ab,204383.39,19212038.66,High,2025,4,14
Gerald Hensley,Osun,Camera,47.0,241193.93,11336114.709999999,2025-03-08,,d5b6de85-3902-49d9-ba8d-ae42ba54e920,241193.93,11336114.709999999,High,2025,3,8
Connor West,Osun,Keyboard,47.0,79676.47,3744794.09,2024-09-11,Retail,fa7e5d94-05d1-4b63-8194-f97f00e3a026,79676.47,3744794.09,High,2024,9,11
Donald Wright,Enugu,Charger,47.0,145511.94,6839061.18,2024-11-18,Direct,b8168aeb-ac6a-4c85-b687-6c624c61845e,145511.94,6839061.18,High,2024,11,18
Jessica Callahan,Anambra,Charger,47.0,155703.69921212122,7318073.862969697,2024-10-09,Retail,,155703.69921212122,7318073.862969697,High,2024,10,9
Amber Kidd,Kano,Monitor,61.0,287222.55,17520575.55,2023-11-29,Retail,6118433b-882c-4d1e-ac93-a7918b60c511,287222.55,17520575.55,High,2023,11,29
Tracy House,katsina,TABLET,12.0,84062.42,1008749.04,2025-02-26,Wholesale,75eb89c2-3f5c-42f3-bacb-43a3d2c7bffb,84062.42,1008749.04,High,2025,2,26
Carol Tucker,Kaduna,Monitor,47.0,89900.5,4225323.5,2023-10-19,Wholesale,3040413c-4690-4b15-a7b6-08dc589decb0,89900.5,4225323.5,High,2023,10,19
James Brown,Imo,Tablet,47.0,282474.92,13276321.239999998,2024-06-11,Wholesale,c3f725fe-b99b-4b5a-a00d-a49deffa2002,282474.92,13276321.239999998,High,2024,6,11
William Baker,Delta,Laptop,47.0,294686.96,13850287.120000001,2024-08-04,Direct,a902b73f-cf39-4648-883f-64c31ce362f8,294686.96,13850287.120000001,High,2024,8,4
Jordan Henderson,Kaduna,Keyboard,47.0,231466.69,10878934.43,2025-06-17,Retail,efad49e9-c41c-447e-9d6b-9b626b535a19,231466.69,10878934.43,High,2025,6,17
Whitney Peters,Ekiti,Phone,47.0,211617.83,9946038.01,2025-05-15,Online,3d9c4e64-0401-4ced-a398-36bbe23ddfaa,211617.83,9946038.01,High,2025,5,15
,Benue,Phone,47.0,207226.85,9739661.950000001,2023-08-23,Retail,980cb95c-19d4-4deb-9139-fa1234c1c3ea,207226.85,9739661.950000001,High,2023,8,23
Brittney Phillips,Anambra,Charger,47.0,146956.42,6906951.74,2025-04-16,Direct,ac09bdb7-9908-4e47-b249-f62c08987462,146956.42,6906951.74,High,2025,4,16
Lauren Daniels,Imo,CAMERA,47.0,155703.69921212122,7318073.862969697,2023-10-15,Wholesale,3ea6e5b2-0c76-4d28-9f49-5037b40a9181,155703.69921212122,7318073.862969697,High,2023,10,15
Amy Silva,delta,Laptop,47.0,144201.13,6777453.11,2024-08-16,Direct,705fddf5-66fa-4ca0-8b53-1932bd9419aa,144201.13,6777453.11,High,2024,8,16
Sarah Moore,Sokoto,Phone,47.0,168366.03,7913203.41,2023-11-06,Wholesale,c11f6bf5-379e-4467-8a2d-b2e63bfda8a6,168366.03,7913203.41,High,2023,11,6
Angela Lopez,Abuja,Phone,93.0,280378.37,26075188.41,2024-03-03,Direct,23dfecd7-0e73-4dd7-86ac-1b04dd1d6cd1,280378.37,26075188.41,High,2024,3,3
Megan Young,Delta,Camera,47.0,216638.48,10182008.56,2023-11-15,Online,,216638.48,10182008.56,High,2023,11,15
Steve Sanchez,Abuja,Camera,47.0,86692.92,4074567.2399999998,2023-11-13,Wholesale,3bf2025f-4a0d-4b73-be54-ee4b80ff5173,86692.92,4074567.2399999998,High,2023,11,13
Lisa Barnes,Sokoto,Phone,47.0,172256.3,8096046.1,2024-03-17,Wholesale,937bf79b-bb44-4adc-aa98-fef8d0d75e37,172256.3,8096046.1,High,2024,3,17
Kelly Donovan,Benue,Headphones,65.0,163185.67,10607068.55,2025-07-06,Retail,c5c51060-9911-41e7-93d5-63ae51a3ac26,163185.67,10607068.55,High,2025,7,6
Mike Allen,Anambra,CAMERA,47.0,268780.26,12632672.22,2025-01-11,Direct,3ca5be29-5217-4bf3-9181-83d1ac2b0cfc,268780.26,12632672.22,High,2025,1,11
Michael Evans,Kano,Headphones,62.0,118662.47,7357073.14,2024-01-02,,fc568b53-24ac-4722-a052-77394d406f1b,118662.47,7357073.14,High,2024,1,2
Paul Jones,enugu,Keyboard,47.0,155703.69921212122,7318073.862969697,2024-04-04,,69df14e9-3896-41dd-8570-b59fa903ae67,155703.69921212122,7318073.862969697,High,2024,4,4
,Plateau,Laptop,47.0,103867.84,4881788.4799999995,2025-07-10,Retail,8e85140d-0f9a-4b70-8670-7cd64ceda164,103867.84,4881788.4799999995,High,2025,7,10
Zachary Ferrell,Sokoto,Camera,47.0,232032.77,10905540.19,2024-08-17,Direct,bc36dc59-e134-4dfc-9777-7f10f2d2393f,232032.77,10905540.19,High,2024,8,17
Daniel Baker,Enugu,Keyboard,74.0,44369.6,3283350.4,2025-06-05,Online,adc29178-a041-4612-acd5-8759e95d2761,44369.6,3283350.4,High,2025,6,5
Shirley Suarez,Cross River,Tablet,47.0,13098.91,615648.77,2024-02-16,Retail,0c00988a-7ee1-411a-8e4c-3ab56d5d0477,13098.91,615648.77,High,2024,2,16
Christopher Bass,Benue,Charger,47.0,286616.46,13470973.620000001,2025-04-28,Wholesale,a4b05c89-f10b-4e9c-982b-91eef8e8035b,286616.46,13470973.620000001,High,2025,4,28
Lisa Archer,Ekiti,HEADPHONES,47.0,24169.32,1135958.04,2023-09-10,Online,86433603-c92a-4d7c-a193-5990abdd1a8f,24169.32,1135958.04,High,2023,9,10
Aimee Montoya,Oyo,Laptop,47.0,277240.88,13030321.36,2024-01-21,Direct,6883ac6e-6a94-4054-b241-4482519894d8,277240.88,13030321.36,High,2024,1,21
Matthew Mcmillan,Anambra,Headphones,47.0,196963.63,9257290.61,2023-12-10,Wholesale,,196963.63,9257290.61,High,2023,12,10
Brian Rodriguez,oyo,Tablet,47.0,224327.88,10543410.36,2024-11-15,,2f12b150-605f-41eb-8cc5-7e0d26332018,224327.88,10543410.36,High,2024,11,15
Denise Jacobs,Delta,Laptop,35.0,155703.69921212122,5449629.472424243,2024-09-10,Direct,3db0174e-7938-478a-89b5-aab0c12169db,155703.69921212122,5449629.472424243,High,2024,9,10
Christina Walters,Imo,Phone,47.0,64589.05,3035685.35,2024-02-09,Wholesale,db87d29c-4cfd-4fc1-b9b0-2e2ad96e684f,64589.05,3035685.35,High,2024,2,9
John Whitehead,Imo,Tablet,47.0,248471.54,11678162.38,2023-10-16,Direct,7688d11f-ce47-48be-a4f4-3c62b523c0de,248471.54,11678162.38,High,2023,10,16
Anna Henderson,Anambra,Monitor,47.0,81704.25,3840099.75,2024-11-07,Wholesale,69a53b4f-8ff8-469d-8ec0-713dea2c7a51,81704.25,3840099.75,High,2024,11,7
,Plateau,MONITOR,1.0,168824.4,168824.4,2024-03-02,Direct,87ad8b26-8eaa-4841-aaa0-426df7c0d5f7,168824.4,168824.4,Medium,2024,3,2
Aaron Wise,Niger,Camera,47.0,81850.63,3846979.6100000003,2024-10-30,,41476506-3e2b-49c9-a36f-6e5c2253e706,81850.63,3846979.6100000003,High,2024,10,30
Deborah Figueroa,Plateau,Laptop,47.0,33213.36,1561027.92,2024-08-28,Retail,143df5b3-a58e-43dd-948c-1d84340de049,33213.36,1561027.92,High,2024,8,28
Jessica Smith,Benue,Camera,9.0,222396.85,2001571.65,2023-09-21,Wholesale,5efeef4f-d8dd-4bc0-b325-3aa3ec170298,222396.85,2001571.6500000001,High,2023,9,21
Stephen Mckee,osun,Laptop,47.0,72164.98,3391754.0599999996,2024-08-04,Wholesale,d453f867-b97e-4224-891f-691217abb863,72164.98,3391754.0599999996,High,2024,8,4
Sandra Aguilar,Delta,Tablet,4.0,15704.25,62817.0,2024-11-19,,608e149e-44b9-4602-8d31-812e30c36756,15704.25,62817.0,Medium,2024,11,19
Cameron Parker,Oyo,Laptop,47.0,155703.69921212122,7318073.862969697,2023-11-18,Retail,0a1fc9df-9a59-4974-9adf-4709ac75c344,155703.69921212122,7318073.862969697,High,2023,11,18
Rebecca Valencia,Bauchi,Phone,47.0,271602.67,12765325.489999998,2024-10-12,Direct,cdfd9531-302b-4831-92a1-fe7ddfa59722,271602.67,12765325.489999998,High,2024,10,12
Christine Wright,Cross River,CHARGER,47.0,68088.66,3200167.02,2024-10-04,Wholesale,,68088.66,3200167.02,High,2024,10,4
Richard Henson,Kano,Monitor,44.0,70234.55,3090320.2,2023-11-07,Retail,abe42e7d-b96c-4163-966b-e275c2fe8954,70234.55,3090320.2,High,2023,11,7
Marc Moore,Abuja,Charger,47.0,30509.29,1433936.6300000001,2023-11-20,Direct,3579c143-7ab9-4428-b78e-65108f10d33e,30509.29,1433936.6300000001,High,2023,11,20
Sharon Cherry,Rivers,Laptop,47.0,99422.94,4672878.18,2024-12-03,Wholesale,4d9dbaeb-553d-4625-a833-4da5de95d695,99422.94,4672878.18,High,2024,12,3
Sierra Johnson,Oyo,Charger,47.0,141984.97,6673293.59,2024-11-07,Wholesale,363908bf-03ec-48ff-a8b3-d763f4ff3f3a,141984.97,6673293.59,High,2024,11,7
,kaduna,Phone,77.0,204517.0,15747809.0,2025-01-20,Direct,bdd151b0-f64a-46ec-b0a5-648eefe9b3d0,204517.0,15747809.0,High,2025,1,20
Evelyn Galvan,Niger,Monitor,7.0,41671.38,291699.66,2025-06-10,,c11bd1c4-ffe3-4366-bf33-7a151e086f20,41671.38,291699.66,High,2025,6,10
Sharon Cochran,Katsina,Keyboard,47.0,289373.37,13600548.39,2024-10-23,Retail,b2149062-3e1a-463e-aa18-d32c7a9a8ef5,289373.37,13600548.39,High,2024,10,23
Richard Rodriguez,Kano,LAPTOP,47.0,155703.69921212122,7318073.862969697,2024-03-29,Wholesale,6589ada1-345a-4934-b42a-2d939aba0f15,155703.69921212122,7318073.862969697,High,2024,3,29
Shannon Walker,Benue,Monitor,47.0,293384.26,13789060.22,2025-04-25,Direct,52555c75-8d55-419e-bd44-cb2cea45ba41,293384.26,13789060.22,High,2025,4,25
Julia Torres,Benue,Charger,47.0,47803.35,2246757.4499999997,2025-06-27,Wholesale,775c30b5-6173-4c48-8876-9153c68813fe,47803.35,2246757.4499999997,High,2025,6,27
Crystal Johnson,Katsina,Keyboard,47.0,196041.39,9213945.33,2024-09-20,Direct,4ef4c34d-5bf8-4f3c-a612-9a1c889d4b76,196041.39,9213945.33,High,2024,9,20
Garrett Lin,Ekiti,Headphones,47.0,264253.91,12419933.77,2023-08-11,Wholesale,e1fff6c0-8347-41da-9c11-ab6d42f5b3f5,264253.91,12419933.77,High,2023,8,11
Diana May,Bauchi,Monitor,47.0,142972.04,6719685.880000001,2025-04-11,Online,cd8563ca-193e-438d-b74c-0afa7f4d908c,142972.04,6719685.880000001,High,2025,4,11
William Herrera,anambra,Headphones,47.0,195336.34,9180807.98,2025-05-11,,,195336.34,9180807.98,High,2025,5,11
Ashley Waller,Imo,Tablet,47.0,226895.36,10664081.92,2023-08-02,Retail,c2fa1da8-7830-4631-b8f0-188efb37afae,226895.36,10664081.92,High,2023,8,2
Victor Baker,Lagos,KEYBOARD,56.0,86529.89,4845673.84,2023-09-12,,340029c3-ea11-405b-91fa-cefad6f89f7a,86529.89,4845673.84,High,2023,9,12
Jeffrey Chandler,Rivers,Keyboard,47.0,85981.89,4041148.83,2023-08-15,,0bb401e7-69f7-43f1-901b-a8515ee68495,85981.89,4041148.83,High,2023,8,15
,Imo,Monitor,47.0,155703.69921212122,7318073.862969697,2024-11-20,Retail,bdc2b74b-38a5-4b49-9d34-aa1890019ed4,155703.69921212122,7318073.862969697,High,2024,11,20
Larry Dixon,Anambra,Tablet,47.0,18219.19,856301.9299999999,2025-02-28,,8da5d39b-42c2-4797-8426-fcc9255b30e2,18219.19,856301.9299999999,High,2025,2,28
Kenneth Scott,Sokoto,Charger,47.0,230733.14,10844457.58,2024-09-30,Online,b852b3cd-9442-45e6-9583-1d58ef4c5119,230733.14,10844457.58,High,2024,9,30
April Frost,Rivers,Camera,6.0,195863.47,1175180.82,2024-02-01,Direct,32399ffb-2704-4f25-8b91-b8cb6ae66582,195863.47,1175180.82,High,2024,2,1
Michelle Harmon,Borno,Laptop,47.0,70049.95,3292347.65,2024-11-27,Retail,91ddb9bf-613d-4de9-bae2-802354720d2d,70049.95,3292347.65,High,2024,11,27
Helen Jones,niger,Tablet,8.0,221736.61,1773892.88,2023-12-21,Direct,8cf6e8b8-7fd2-48c3-bee8-2983d5574241,221736.61,1773892.88,High,2023,12,21
Erin Edwards,Kaduna,KEYBOARD,47.0,255174.76,11993213.72,2025-02-25,Wholesale,566a9ce7-af52-4b94-b186-e47aa7946320,255174.76,11993213.72,High,2025,2,25
Michelle Evans,Ekiti,Camera,28.0,11670.82,326782.96,2024-09-27,Online,7d1645a0-d253-4966-836b-9a0a41e02a89,11670.82,326782.95999999996,High,2024,9,27
Jason Powell,Lagos,Keyboard,47.0,276480.53,12994584.910000002,2024-05-29,Direct,bd5609c4-a446-4663-b93b-17fbf76d15fd,276480.53,12994584.910000002,High,2024,5,29
Cameron Fisher,Anambra,Monitor,47.0,125656.55,5905857.850000001,2024-11-02,Direct,bb96f602-2b11-4c36-b5f8-e3a87d97ac0f,125656.55,5905857.850000001,High,2024,11,2
Megan Orr,Bauchi,Charger,16.0,155703.69921212122,2491259.1873939396,2024-11-18,Retail,,155703.69921212122,2491259.1873939396,High,2024,11,18
Elizabeth Kelley,Kaduna,Phone,47.0,251362.66,11814045.02,2023-08-03,Wholesale,23d4526b-2b54-4f7a-9a28-37b2cb8383f2,251362.66,11814045.02,High,2023,8,3
Dustin Jordan,Bauchi,Keyboard,56.0,280209.82,15691749.92,2024-07-31,Retail,2f1dc121-7d02-4c6d-8bea-75c1b86677aa,280209.82,15691749.92,High,2024,7,31
,Rivers,Charger,47.0,11383.78,535037.66,2025-05-31,Wholesale,fd85d7fa-8ac9-4b01-a3ad-64d4eab9eb02,11383.78,535037.66,High,2025,5,31
Mary Marshall,borno,HEADPHONES,47.0,250942.86,11794314.42,2024-11-09,Retail,862138ad-0f09-405c-b50d-7a37a44d9fec,250942.86,11794314.42,High,2024,11,9
Daniel Kennedy,Bauchi,Keyboard,47.0,236494.21,11115227.87,2024-09-06,Direct,13075157-d8c1-48e7-96cd-315508a8ac7f,236494.21,11115227.87,High,2024,9,6
Rebecca Jackson,Katsina,Camera,47.0,56300.33,2646115.5100000002,2024-02-20,Direct,0c6b7074-ab10-4c9b-9168-2e09f1f7d904,56300.33,2646115.5100000002,High,2024,2,20
Jose Schultz,Enugu,Charger,46.0,224826.46,10342017.16,2024-11-20,Online,2332a50e-6992-496e-81a2-5ed1c3abb5f1,224826.46,10342017.16,High,2024,11,20
Robert Potter,Oyo,Tablet,47.0,261751.06,12302299.82,2024-03-01,Direct,116658ce-3b3f-4800-a175-a9c3d7b102a9,261751.06,12302299.82,High,2024,3,1
Courtney Gonzalez,Osun,Charger,47.0,87195.36,4098181.92,2024-07-20,,37fe032c-0257-4851-a6a9-e100b509109b,87195.36,4098181.92,High,2024,7,20
David Alvarez,Kaduna,Tablet,47.0,155703.69921212122,7318073.862969697,2024-01-17,Direct,0f79a8a7-5f8a-44bd-b4bd-0c938177b661,155703.69921212122,7318073.862969697,High,2024,1,17
Angel Perry,Imo,Tablet,47.0,11721.12,550892.64,2025-03-27,,ef145064-aab0-4015-a342-2e509e2a7324,11721.12,550892.64,High,2025,3,27
Cheyenne Horton,Bauchi,PHONE,47.0,89868.47,4223818.09,2025-03-29,Direct,a8c6dbc0-7bb3-447b-a9aa-144b9dd43675,89868.47,4223818.09,High,2025,3,29
David Douglas Jr.,lagos,Camera,47.0,181033.5,8508574.5,2024-12-24,,883f13c6-01b1-48e9-8406-ff447ce40679,181033.5,8508574.5,High,2024,12,24
Patricia Rodriguez,Katsina,Laptop,47.0,278572.23,13092894.809999999,2024-05-21,,,278572.23,13092894.809999999,High,2024,5,21
Christopher Rubio,Sokoto,Camera,47.0,100845.11,4739720.17,2024-02-27,Direct,04482a22-0308-4a5e-a94d-7b008d388327,100845.11,4739720.17,High,2024,2,27
,Cross River,Monitor,47.0,136577.55,6419144.85,2024-06-27,,892621df-4655-48b7-b8e1-9f568787ea21,136577.55,6419144.85,High,2024,6,27
Amber Wright,Lagos,Keyboard,47.0,192573.07,9050934.290000001,2023-09-05,Online,80913ac1-0463-450e-8964-6b96fa3c1628,192573.07,9050934.290000001,High,2023,9,5
Joyce Solis,Rivers,Camera,47.0,157533.4,7404069.8,2024-12-26,Wholesale,6e3a0ba8-ac8d-4c7d-b2a6-e468d02b1243,157533.4,7404069.8,High,2024,12,26
Victoria Larson,Osun,Keyboard,47.0,266833.36,12541167.92,2023-08-26,,2de46e91-e8e6-4840-b090-f5a0ce610199,266833.36,12541167.92,High,2023,8,26
Stephanie Salazar,Borno,KEYBOARD,47.0,155703.69921212122,7318073.862969697,2023-11-10,,863e1f2a-18a8-46ef-ab05-3fc41b656dab,155703.69921212122,7318073.862969697,High,2023,11,10
Kathy Rivas,Delta,Keyboard,56.0,40692.88,2278801.28,2024-06-16,Online,9ea9f508-3122-4592-bdb0-2235261e2555,40692.88,2278801.28,High,2024,6,16
Stephanie Manning,abuja,Phone,47.0,151511.7,7121049.9,2024-05-28,Online,5abca6e5-d0b1-43eb-809e-7a8086c5d1d6,151511.7,7121049.9,High,2024,5,28
David Wright,Delta,Laptop,47.0,82214.71,3864091.37,2024-07-21,Retail,143a9aff-659b-4105-8b80-f288446f64dd,82214.71,3864091.37,High,2024,7,21
Pamela Boyd,Plateau,Tablet,68.0,242739.76,16506303.68,2024-07-05,Wholesale,7580e050-67f1-498c-b594-8a545f804eeb,242739.76,16506303.68,High,2024,7,5
Denise Jones,Kano,Camera,47.0,99539.89,4678374.83,2023-12-16,Retail,b27e1442-fd7f-4973-be42-df5b90a3fbbf,99539.89,4678374.83,High,2023,12,16
Devon Flores,Kano,Monitor,47.0,219470.21,10315099.87,2024-03-31,,d3fbe043-af1d-4a1a-8ccb-235539d1c7ff,219470.21,10315099.87,High,2024,3,31
Brenda Hall,Cross River,Camera,47.0,194661.46,9149088.62,2024-10-24,Online,fdde64af-a75b-495a-94a3-4f7fd90dd19b,194661.46,9149088.62,High,2024,10,24
Michelle Brown,Kano,TABLET,100.0,215720.15,21572015.0,2023-10-30,,,215720.15,21572015.0,High,2023,10,30
,Imo,Charger,47.0,4718.22,221756.34000000003,2024-03-09,Direct,081c79d4-c274-47eb-a65f-7b8adbb44021,4718.22,221756.34000000003,High,2024,3,9
Joshua Perry,Oyo,Keyboard,82.0,155703.69921212122,12767703.335393941,2025-05-10,Wholesale,608e2f5c-6117-4270-a7c0-518b17efa621,155703.69921212122,12767703.335393941,High,2025,5,10
Jason Stein,oyo,Charger,47.0,101465.1,4768859.7,2025-01-18,Direct,a301ec03-0e5d-4c6a-b9db-78628d7dd772,101465.1,4768859.7,High,2025,1,18
Melissa Gates,Cross River,Monitor,47.0,88859.77,4176409.1900000004,2024-03-15,Online,152aeaec-2bdf-4b41-b3ed-a8f1026b5383,88859.77,4176409.1900000004,High,2024,3,15
Jamie Smith,Imo,Charger,47.0,202483.14,9516707.58,2025-01-31,Online,a518a418-6f14-43f6-9867-888b7ff6b824,202483.14,9516707.58,High,2025,1,31
Paul Castaneda,Kaduna,Charger,83.0,58351.81,4843200.23,2025-05-09,Online,fa323f69-90db-4ad6-94ce-26bec8cce2c2,58351.81,4843200.2299999995,High,2025,5,9
Jennifer Adkins,Anambra,Keyboard,31.0,183480.87,5687906.97,2024-04-04,Wholesale,e5110961-1869-4217-b94d-8fcbdba3496f,183480.87,5687906.97,High,2024,4,4
Lindsey Walker,Bauchi,TABLET,47.0,191798.38,9014523.86,2024-05-15,Retail,3ad1fa33-0ae4-4c11-ab4d-8f42873570a2,191798.38,9014523.86,High,2024,5,15
Jeffrey Johnson,Katsina,Tablet,26.0,121944.37,3170553.62,2023-10-20,,b139c476-de3c-488b-a6b9-d31a361f6d90,121944.37,3170553.62,High,2023,10,20
Michael Powell,Niger,Tablet,78.0,128597.12,10030575.36,2025-02-20,,45667c48-79ba-430a-9118-c400e336c243,128597.12,10030575.36,High,2025,2,20
John Anderson,Enugu,Camera,47.0,98714.03,4639559.41,2024-04-23,,af36b8cc-1308-4974-ac95-b3ac0beb7c34,98714.03,4639559.41,High,2024,4,23
Alyssa Long,imo,Laptop,10.0,155703.69921212122,1557036.9921212122,2024-08-13,,8b040f53-e639-49d4-87c6-8688ecf32053,155703.69921212122,1557036.9921212122,High,2024,8,13
Alyssa Day,Enugu,Camera,47.0,120549.56,5665829.32,2024-09-19,,2dea2d2d-086c-405f-a879-d8f890422eb7,120549.56,5665829.32,High,2024,9,19
,Borno,Charger,47.0,29067.84,1366188.48,2023-10-01,Retail,,29067.84,1366188.48,High,2023,10,1
Joel Williams,Benue,Laptop,47.0,294514.72,13842191.839999998,2024-03-14,Direct,04022b3c-5082-41a5-99b5-9f84edc3a1c3,294514.72,13842191.839999998,High,2024,3,14
Daniel Murphy,Osun,HEADPHONES,47.0,143497.5,6744382.5,2024-01-14,Wholesale,24e9bcfd-9647-4f9f-b508-507af622d842,143497.5,6744382.5,High,2024,1,14
Jamie Walton,Ekiti,Camera,47.0,280779.7,13196645.9,2024-07-07,Direct,d226a8b3-b674-410d-9218-c9d6c093bfb0,280779.7,13196645.9,High,2024,7,7
Darlene Miller,Bauchi,Camera,47.0,2545.62,119644.14,2023-10-14,Direct,4c9d6907-13b2-4cec-adca-bf9465f6ba53,2545.62,119644.14,Medium,2023,10,14
Joshua Cooke,Ekiti,Keyboard,47.0,115380.53,5422884.91,2024-02-03,,9112fbc0-3d8f-45f4-905f-9096299656e2,115380.53,5422884.91,High,2024,2,3
Matthew Harrington,Rivers,Tablet,47.0,134297.29,6311972.630000001,2024-06-24,,ad5229dd-639f-4471-9975-0f00d5aba8ae,134297.29,6311972.630000001,High,2024,6,24
Nicole Herring,delta,Tablet,41.0,80464.8,3299056.8,2024-01-19,Retail,6243bed7-54ec-4f33-8a62-4cbde582b678,80464.8,3299056.8000000003,High,2024,1,19
Alex Hernandez,Delta,Laptop,57.0,155703.69921212122,8875110.85509091,2023-10-28,Wholesale,ca5e151b-23d3-4d4c-bd5f-f093c16f9bcc,155703.69921212122,8875110.85509091,High,2023,10,28
Michael Elliott,Kano,Camera,47.0,99222.78,4663470.66,2023-09-24,Online,1413d64d-b962-48a7-b076-a7dcfd0ce433,99222.78,4663470.66,High,2023,9,24
Michael Wang,Sokoto,TABLET,47.0,174947.0,8222509.0,2023-08-19,Direct,588a3f87-f96d-40f8-bed6-3da08033f5c2,174947.0,8222509.0,High,2023,8,19
Lawrence Adkins,Lagos,Camera,47.0,172076.77,8087608.1899999995,2024-02-21,Online,3b6dca0d-6fe5-440b-9901-ef870dbf0caf,172076.77,8087608.1899999995,High,2024,2,21
Robert Oconnell,Plateau,Charger,47.0,78835.17,3705252.9899999998,2024-05-04,Wholesale,9aec56a8-5731-4609-9375-ee90d6b361e4,78835.17,3705252.9899999998,High,2024,5,4
,Imo,Headphones,65.0,108185.85,7032080.25,2025-05-12,Direct,9879cf35-f471-4986-9d26-4599c4dd8df5,108185.85,7032080.25,High,2025,5,12
Alexander Collins,Delta,Tablet,47.0,71272.62,3349813.1399999997,2024-10-30,Online,,71272.62,3349813.1399999997,High,2024,10,30
Tina Sanders,Plateau,Phone,58.0,200501.94,11629112.52,2024-05-30,Online,538d6b8c-c607-41e9-b80b-2cea658e54a2,200501.94,11629112.52,High,2024,5,30
Angela Vaughn,delta,Headphones,47.0,139885.8,6574632.6,2024-01-19,Retail,c8969c5b-45f8-428d-a255-e1bb07958c1f,139885.8,6574632.6,High,2024,1,19
Ashley Barton,Lagos,Tablet,37.0,48335.19,1788402.03,2025-05-13,Wholesale,3a67470c-7d98-402f-b357-41e5fe1a1ba9,48335.19,1788402.03,High,2025,5,13
Lindsay Martinez,Kano,PHONE,83.0,155703.69921212122,12923407.034606062,2025-06-10,Wholesale,601bfbcb-f0ee-4cce-8d93-e14a5b167158,155703.69921212122,12923407.034606062,High,2025,6,10
Dr. Hannah Patterson,Abuja,Phone,47.0,205979.05,9681015.35,2023-11-12,Wholesale,95fbe976-ae00-4b7e-af8c-83e56e8d9644,205979.05,9681015.35,High,2023,11,12
Jonathan Peterson,Delta,Tablet,47.0,276970.25,13017601.75,2025-04-02,Direct,c5acc354-15f0-4cb4-a14c-721da921cb4c,276970.25,13017601.75,High,2025,4,2
Samantha Garcia,Kano,Headphones,47.0,266396.52,12520636.440000001,2024-03-21,Retail,3f175534-cc4d-4819-8b9d-fd589e5d9c7a,266396.52,12520636.440000001,High,2024,3,21
Madison Poole,Abuja,Keyboard,47.0,231067.39,10860167.33,2025-07-05,,4499d0a6-1500-4170-92d1-5585b68e47fa,231067.39,10860167.33,High,2025,7,5
Jessica Gross,Sokoto,Laptop,47.0,207241.97,9740372.59,2024-10-01,Direct,c8ad0899-b630-494d-a147-adeb277b0667,207241.97,9740372.59,High,2024,10,1
Debra Morton,Kano,Phone,47.0,191794.04,9014319.88,2025-01-21,Wholesale,63be441d-bd5a-4c9e-a77e-b0aaa247541d,191794.04,9014319.88,High,2025,1,21
Karen Graham,bauchi,Tablet,47.0,282220.37,13264357.39,2024-03-09,Direct,176de21f-1b46-4bdc-9c56-d9bc5111d31d,282220.37,13264357.39,High,2024,3,9
,Delta,KEYBOARD,47.0,110579.4,5197231.8,2023-12-05,Online,71da35b9-4eea-4db8-b165-d77901547950,110579.4,5197231.8,High,2023,12,5
Debra Christian,Anambra,Keyboard,65.0,66644.35,4331882.75,2025-02-22,Direct,1a2bd69c-450f-49ee-82e7-9a985c238d8d,66644.35,4331882.75,High,2025,2,22
Angelica Keith,Cross River,Keyboard,47.0,155703.69921212122,7318073.862969697,2023-11-11,Direct,,155703.69921212122,7318073.862969697,High,2023,11,11
John Bishop,Enugu,Charger,47.0,287229.48,13499785.559999999,2024-08-01,Wholesale,6e54ac6d-2ff8-487e-9659-1c8921ebfaa9,287229.48,13499785.559999999,High,2024,8,1
Allen Rosales,Imo,Headphones,92.0,143715.48,13221824.16,2024-08-13,Online,832f52c4-8e03-40cf-8e96-922772e76b51,143715.48,13221824.16,High,2024,8,13
Daniel Salinas,Oyo,Phone,47.0,136766.11,6428007.169999999,2024-07-07,Wholesale,16f142a2-06b9-49aa-9a71-67c768759545,136766.11,6428007.169999999,High,2024,7,7
Spencer Haynes,Plateau,Tablet,23.0,296656.97,6823110.31,2024-08-01,Online,98d00c2c-17d3-4f32-8de1-596c5a9a206a,296656.97,6823110.31,High,2024,8,1
Adam Vaughan,Plateau,Keyboard,47.0,112400.64,5282830.08,2025-05-23,Online,dd1ca267-530d-4da6-88d0-f9e5991965ea,112400.64,5282830.08,High,2025,5,23
Nathan Freeman,cross river,LAPTOP,47.0,210731.25,9904368.75,2024-03-06,Online,69ef74e3-4ab6-421c-8328-c136629ef3d8,210731.25,9904368.75,High,2024,3,6
Melissa Brewer,Delta,Laptop,47.0,273882.67,12872485.489999998,2024-07-31,Wholesale,b98f5dbe-15ae-4e0f-8777-a07f6346d4ef,273882.67,12872485.489999998,High,2024,7,31
Ricky Davis II,Cross River,Monitor,79.0,227326.48,17958791.92,2023-07-29,Online,fe2390f3-e7bb-4efc-8f3d-c97fe6b0da0a,227326.48,17958791.92,High,2023,7,29
Elizabeth Perkins,Niger,Keyboard,47.0,240697.5,11312782.5,2023-09-18,Retail,85671b58-926b-4fa5-be24-5fbffa698cd2,240697.5,11312782.5,High,2023,9,18
Joseph Coleman,Enugu,Laptop,47.0,155703.69921212122,7318073.862969697,2024-05-11,Retail,2b64777c-6177-4771-af70-de702b69c95e,155703.69921212122,7318073.862969697,High,2024,5,11
,Rivers,Phone,47.0,247768.25,11645107.75,2024-08-06,,44b64ec1-4d16-4049-84d7-df9a238b05b7,247768.25,11645107.75,High,2024,8,6
Erin Warner,Rivers,Headphones,47.0,228676.96,10747817.12,2024-06-30,Retail,2ace1aa9-1032-46b3-a55b-fc1c7e3d5ee4,228676.96,10747817.12,High,2024,6,30
David Martinez,Niger,Headphones,47.0,204262.41,9600333.27,2024-01-13,,4cbc9044-6bcd-4ce7-86a5-6fe86f46f1b1,204262.41,9600333.27,High,2024,1,13
Bryan Herrera,Osun,TABLET,47.0,178946.43,8410482.209999999,2023-12-25,Retail,,178946.43,8410482.209999999,High,2023,12,25
Cathy Robinson,niger,Laptop,47.0,236317.52,11106923.44,2024-10-06,Wholesale,5c72aebd-13b1-4e59-885c-d7147bf69552,236317.52,11106923.44,High,2024,10,6
Dr. William Warren,Niger,Camera,47.0,157889.24,7420794.279999999,2024-04-10,,b88cddde-3f20-46c2-b1b8-8d65406f64d6,157889.24,7420794.279999999,High,2024,4,10
Brian Lee,Ekiti,Laptop,47.0,158687.85,7458328.95,2023-08-17,Direct,9dde0188-9803-422e-beec-e88da002352a,158687.85,7458328.95,High,2023,8,17
Christopher Smith,Abuja,Monitor,47.0,108854.57,5116164.79,2023-08-19,Direct,22af711f-1b62-4a9d-b536-6b9f320f72c0,108854.57,5116164.79,High,2023,8,19
Denise Mccann,Rivers,Camera,47.0,275214.79,12935095.129999999,2024-02-14,Retail,654c11d9-f2e6-4828-81bb-819c4dfe1117,275214.79,12935095.129999999,High,2024,2,14
Melissa Martinez,Abuja,Monitor,78.0,155703.69921212122,12144888.538545456,2024-07-29,Direct,614077d3-9ec4-4a48-9773-f98d550c2fe9,155703.69921212122,12144888.538545456,High,2024,7,29
Katherine Salas,Benue,Keyboard,43.0,34106.53,1466580.79,2024-10-17,Retail,70b27304-545c-488d-9cb9-075ecdd7f460,34106.53,1466580.79,High,2024,10,17
Julie Alexander,Sokoto,KEYBOARD,47.0,248717.83,11689738.01,2025-05-26,Retail,d2d33488-d0c3-4018-ae3c-dd4f55b145e4,248717.83,11689738.01,High,2025,5,26
Anthony Everett,Rivers,Tablet,47.0,270915.0,12733005.0,2025-04-25,Direct,982a2277-f966-459f-a6aa-59e5dc08bf29,270915.0,12733005.0,High,2025,4,25
,delta,Monitor,47.0,61045.96,2869160.12,2024-11-30,Direct,9a6c0db9-5217-4c88-8ce9-53a722d90db3,61045.96,2869160.12,High,2024,11,30
Rodney Morales,Enugu,Tablet,47.0,161229.72,7577796.84,2024-12-14,Online,7aa061e9-336b-40cb-b1fe-ad13f280df1d,161229.72,7577796.84,High,2024,12,14
Mark Brown,Enugu,Phone,51.0,49778.88,2538722.88,2024-07-10,,65f30779-f6ee-4cdb-ad79-a2d1506e50c7,49778.88,2538722.88,High,2024,7,10
Justin Torres,Imo,Laptop,47.0,256418.56,12051672.32,2024-02-17,Retail,bc20b9f2-4a9c-489e-91b3-0182f7fe604f,256418.56,12051672.32,High,2024,2,17
Bailey Duran DDS,Ekiti,Camera,47.0,132831.25,6243068.75,2024-08-30,Direct,,132831.25,6243068.75,High,2024,8,30
Courtney Mills,Oyo,Camera,47.0,204248.42,9599675.74,2023-07-17,,f7bf5244-7db2-47aa-a205-e54fb1e8c09d,204248.42,9599675.74,High,2023,7,17
Jeremy Dalton,Niger,TABLET,47.0,155703.69921212122,7318073.862969697,2025-04-29,Direct,536d47d7-3e0f-44ce-882f-78fd936cd31c,155703.69921212122,7318073.862969697,High,2025,4,29
Elizabeth Oliver DDS,Kaduna,Laptop,47.0,215216.93,10115195.709999999,2023-10-02,Direct,c92e8c93-d105-48d6-87c1-c01760452909,215216.93,10115195.709999999,High,2023,10,2
Theresa Clark,Anambra,Headphones,47.0,146903.98,6904487.0600000005,2024-06-09,Online,ee9bf3e1-1d27-409a-9d71-a89864976593,146903.98,6904487.0600000005,High,2024,6,9
Matthew Moore,ekiti,Camera,47.0,269717.36,12676715.92,2023-10-23,Retail,ff4cc10f-979c-40cf-b326-1887905881df,269717.36,12676715.92,High,2023,10,23
Benjamin Smith,Delta,Headphones,47.0,133922.07,6294337.29,2025-05-26,Retail,c4829b71-ae84-481c-ae0f-b5b38bae591e,133922.07,6294337.29,High,2025,5,26
Kirk Carter,Kano,Laptop,47.0,17162.92,806657.2399999999,2024-02-01,Wholesale,ba2aa7ba-f3f8-4c31-86e3-f9498cd34c62,17162.92,806657.2399999999,High,2024,2,1
Michael Warner,Ekiti,Headphones,47.0,40017.33,1880814.51,2025-01-26,Online,35ab8466-b557-4b00-b166-cdcf762cdfbc,40017.33,1880814.51,High,2025,1,26
,Imo,Phone,47.0,124919.66,5871224.0200000005,2024-04-20,,d4cee27c-4a94-4e9f-8c35-1e4f703e957f,124919.66,5871224.0200000005,High,2024,4,20
Michael Bradshaw,Rivers,MONITOR,40.0,169391.4,6775656.0,2025-02-23,Online,d908a121-d1a7-4a20-91b4-61e9b15da72d,169391.4,6775656.0,High,2025,2,23
Lori Guerrero,Abuja,Keyboard,47.0,167859.76,7889408.720000001,2024-05-19,,ac484366-68bd-40d7-8b88-1c32cbb02a8b,167859.76,7889408.720000001,High,2024,5,19
Jessica Stephens,Imo,Keyboard,47.0,155703.69921212122,7318073.862969697,2024-04-20,Retail,4d8670bd-a222-4f96-a3a1-3e207fd255ee,155703.69921212122,7318073.862969697,High,2024,4,20
Susan Serrano,Lagos,Tablet,25.0,201993.93,5049848.25,2023-08-15,Wholesale,2775ee42-a89e-42f2-80af-bf3f3df51967,201993.93,5049848.25,High,2023,8,15
Christopher Parker,kano,Phone,18.0,92796.78,1670342.04,2024-05-17,Wholesale,,92796.78,1670342.04,High,2024,5,17
Laura Roberts,Delta,Camera,47.0,7020.25,329951.75,2023-08-19,Retail,6082786f-ca00-4f58-ac52-1d13b719bb68,7020.25,329951.75,High,2023,8,19
Michael Lyons,Kaduna,Tablet,47.0,76709.94,3605367.18,2024-09-25,Direct,9912316a-fd9e-4e20-b2f6-095812ef6101,76709.94,3605367.18,High,2024,9,25
Kathryn Snyder,Niger,Tablet,47.0,1403.13,65947.11,2024-09-19,Online,88cc4d49-669b-49b8-950d-f1a07aaf2001,1403.13,65947.11,Medium,2024,9,19
Andrew Reynolds,Cross River,KEYBOARD,47.0,65761.44,3090787.68,2023-12-09,Wholesale,dea050c6-eb9e-4274-ac6a-37ad81b15db9,65761.44,3090787.68,High,2023,12,9
David Davis,Cross River,Laptop,47.0,22372.34,1051499.98,2024-04-17,Direct,09697101-8b2c-450a-ab15-c11bb113d50b,22372.34,1051499.98,High,2024,4,17
Sara Johnston,Enugu,Camera,47.0,127397.37,5987676.39,2024-09-12,,b39e4df2-5c0a-4feb-b7ea-e66eca6caf9b,127397.37,5987676.39,High,2024,9,12
Yvonne Chambers,Benue,Tablet,47.0,210265.27,9882467.69,2024-02-20,Wholesale,98049562-8972-4bbd-8ff2-b1c4e53f9644,210265.27,9882467.69,High,2024,2,20
,Abuja,Camera,49.0,155703.69921212122,7629481.26139394,2023-09-06,,1bffa279-15c1-404f-aa16-3354a35fc9c1,155703.69921212122,7629481.26139394,High,2023,9,6
Andrew Avila,kaduna,Monitor,21.0,162578.47,3414147.87,2024-05-06,Direct,aa2960fd-a858-44df-bf8c-1097c4da2c2e,162578.47,3414147.87,High,2024,5,6
Matthew Moon,Benue,Laptop,47.0,18546.56,871688.3200000001,2024-08-05,,9cd8758b-a5a1-4825-aa95-28c35ae1dbad,18546.56,871688.3200000001,High,2024,8,5
Kevin Walters,Lagos,Camera,47.0,268318.42,12610965.739999998,2024-06-24,Direct,a520c3d0-fbcd-4f5e-902f-34650b570720,268318.42,12610965.739999998,High,2024,6,24
Brandon Bailey MD,Benue,HEADPHONES,57.0,295848.11,16863342.27,2025-02-23,,f780ef2f-664d-4922-a590-fd3cad6ecc57,295848.11,16863342.27,High,2025,2,23
Shannon Rivera,Anambra,Tablet,47.0,141885.32,6668610.04,2024-09-10,Online,cbd5cc86-f739-46e9-94e3-8579c0afd193,141885.32,6668610.04,High,2024,9,10
Donna Landry,Ekiti,Headphones,47.0,86483.67,4064732.4899999998,2024-02-13,Wholesale,,86483.67,4064732.4899999998,High,2024,2,13
Krista Gibson,Borno,Laptop,47.0,54404.41,2557007.27,2025-04-12,Wholesale,193e4783-02b3-4254-9b1f-2eb16e3255a8,54404.41,2557007.27,High,2025,4,12
Frank Cordova,Niger,Phone,47.0,41060.95,1929864.65,2024-11-06,Direct,bf31c29f-82bb-4d84-b8d5-101f423cad9d,41060.95,1929864.65,High,2024,11,6
Jose Travis,Imo,Headphones,47.0,192636.74,9053926.78,2024-12-20,,b00ac64c-949c-48d4-8ed8-a80d84cfee39,192636.74,9053926.78,High,2024,12,20
Kimberly Gutierrez,cross river,Tablet,58.0,155703.69921212122,9030814.554303031,2024-10-27,Retail,5fc64cd0-721e-4b1f-b895-89399342a09f,155703.69921212122,9030814.554303031,High,2024,10,27
Isaiah Avila,Oyo,Tablet,69.0,218922.21,15105632.49,2023-10-11,Wholesale,adf75924-c5b8-486b-b68b-4f7e64215e66,218922.21,15105632.49,High,2023,10,11
Olivia Harris,Enugu,KEYBOARD,47.0,289152.88,13590185.36,2023-10-18,,2697384d-801e-4690-b0c0-7fcc96add4df,289152.88,13590185.36,High,2023,10,18
,Borno,Laptop,47.0,112651.05,5294599.350000001,2023-09-24,,7b96e2d1-0649-4cf6-bf69-723d584fc85b,112651.05,5294599.350000001,High,2023,9,24
Tanya Kim,Enugu,Keyboard,47.0,267454.41,12570357.27,2024-05-11,Online,eba900e1-6a7d-4d96-8ba1-72331ac3bf31,267454.41,12570357.27,High,2024,5,11
Barbara Dudley,Abuja,Tablet,47.0,134836.87,6337332.89,2024-04-25,Retail,d4d13d55-1db6-4844-95fa-9483f633cc2d,134836.87,6337332.89,High,2024,4,25
Cynthia Moore,Plateau,Monitor,47.0,275175.97,12933270.589999998,2025-03-19,Wholesale,592c1107-2444-4301-baeb-286bf0d0270f,275175.97,12933270.589999998,High,2025,3,19
Kristen Davis,Imo,Tablet,47.0,113560.16,5337327.5200000005,2024-03-30,Online,c8c5eb2a-7490-4deb-97d3-37d34fd80bbb,113560.16,5337327.5200000005,High,2024,3,30
Susan Murray MD,Abuja,Keyboard,47.0,24534.87,1153138.89,2024-09-16,Retail,592a3549-7ba1-49d0-8567-c80534f541c0,24534.87,1153138.89,High,2024,9,16
Kathleen Moran,sokoto,Keyboard,54.0,289261.24,15620106.96,2025-07-09,Wholesale,b8d49848-702b-449f-98fd-d2b979e5c9aa,289261.24,15620106.959999999,High,2025,7,9
Denise Davenport,Abuja,LAPTOP,47.0,155703.69921212122,7318073.862969697,2024-04-19,Online,,155703.69921212122,7318073.862969697,High,2024,4,19
Mrs. Kristen Reyes,Abuja,Phone,47.0,262428.84,12334155.48,2025-02-16,Retail,1132567c-51a4-4d2a-b3d3-9457b25f13df,262428.84,12334155.48,High,2025,2,16
Katie Suarez,Plateau,Monitor,47.0,40330.45,1895531.15,2023-10-31,Wholesale,b5f59cb0-cf68-4878-8b70-59334cde1b6b,40330.45,1895531.15,High,2023,10,31
Desiree Tyler,Cross River,Charger,47.0,258155.83,12133324.01,2023-12-12,Retail,57d3f4dd-d963-4c72-85c8-234b1d763a66,258155.83,12133324.01,High,2023,12,12
Timothy Romero,Bauchi,Tablet,71.0,36030.63,2558174.73,2024-10-20,,ccd015c1-ad59-40dd-9bff-3142a5e15b55,36030.63,2558174.73,High,2024,10,20
Diane Evans,Bauchi,Phone,47.0,297857.61,13999307.67,2024-08-09,Direct,bd90b81a-fbe0-46b8-ae0f-65a82a131c1f,297857.61,13999307.67,High,2024,8,9
,Kaduna,Laptop,47.0,118221.06,5556389.82,2024-05-17,Direct,8d49fe3f-2ca8-4783-8418-2d353e711433,118221.06,5556389.82,High,2024,5,17
Yvonne Burns,Abuja,Camera,11.0,38640.45,425044.95,2024-08-02,,6d268b37-8f52-42d3-94bb-bcf828fea761,38640.45,425044.94999999995,High,2024,8,2
Joshua Reed,bauchi,PHONE,47.0,293627.95,13800513.65,2023-08-11,Retail,cc39b925-3b5a-4288-b649-2e64f55dce6d,293627.95,13800513.65,High,2023,8,11
Kimberly Gibson,Kano,Tablet,66.0,250529.07,16534918.62,2023-08-15,,2fb70dab-2f38-4b43-a137-f8e467b13040,250529.07,16534918.620000001,High,2023,8,15
Colin Terry,Kaduna,Phone,56.0,155703.69921212122,8719407.155878788,2023-08-10,Direct,6544e313-6ea0-4d13-a845-54c3a3f66c61,155703.69921212122,8719407.155878788,High,2023,8,10
Cynthia Rowe,Kano,Headphones,47.0,226975.73,10667859.31,2023-10-25,Direct,e212ab7c-9d36-4cb6-bcc5-7be00779250a,226975.73,10667859.31,High,2023,10,25
Patrick Thornton,Katsina,Keyboard,45.0,293557.96,13210108.2,2025-01-15,Retail,6df72cd3-979a-4051-b317-591a3283daa4,293557.96,13210108.200000001,High,2025,1,15
Jasmin Alvarado,Kano,Keyboard,54.0,139169.67,7515162.18,2024-03-25,Direct,36fce0ac-b469-4db3-8123-a348638abdf6,139169.67,7515162.180000001,High,2024,3,25
Veronica Simpson,Delta,Tablet,47.0,215868.65,10145826.549999999,2025-03-26,,,215868.65,10145826.549999999,High,2025,3,26
Jonathan Lawrence,Benue,Headphones,48.0,127526.34,6121264.32,2024-07-12,Retail,b4299924-c098-4750-8741-9b4834ae4abd,127526.34,6121264.32,High,2024,7,12
Shelly Alexander,Rivers,MONITOR,50.0,114093.3,5704665.0,2024-08-17,,93cd1291-1004-4d82-8bc7-2f1acf08ea54,114093.3,5704665.0,High,2024,8,17
Joyce Bowen,plateau,Keyboard,48.0,69284.39,3325650.72,2024-06-29,Retail,89718eea-df3a-498a-8cac-2fb51a0c6c04,69284.39,3325650.7199999997,High,2024,6,29
Matthew Moore,Delta,Laptop,47.0,138457.27,6507491.6899999995,2023-11-03,Direct,327375bf-5373-4f4d-9da4-9cb92fdc9992,138457.27,6507491.6899999995,High,2023,11,3
,Plateau,Keyboard,47.0,46958.85,2207065.9499999997,2024-10-23,Wholesale,abb316a7-4329-4780-9d2c-272175220646,46958.85,2207065.9499999997,High,2024,10,23
Wayne Morgan,Katsina,Charger,47.0,155703.69921212122,7318073.862969697,2025-06-03,Retail,f7464c02-8718-44c1-bd4e-d26edcd5bfae,155703.69921212122,7318073.862969697,High,2025,6,3
Marie Christian,Abuja,Monitor,19.0,56949.9,1082048.1,2024-08-14,Retail,637ddcd6-98d3-448b-903b-4078a39c9ec6,56949.9,1082048.1,High,2024,8,14
Shannon James,Katsina,Charger,47.0,262624.85,12343367.95,2023-10-27,Wholesale,1d3e503a-9645-40e4-a47d-c3929c7eb575,262624.85,12343367.95,High,2023,10,27
Nathan Malone,Kano,Charger,47.0,229764.23,10798918.81,2024-03-21,Direct,753659ef-d873-4ad9-9a1b-af0e591196dc,229764.23,10798918.81,High,2024,3,21
Amanda Jones,Niger,LAPTOP,47.0,10149.09,477007.23,2025-07-03,,ac7051d1-d051-467f-ac2a-c34b9e0b7b01,10149.09,477007.23,High,2025,7,3
Tammie Bright,Plateau,Headphones,47.0,198229.21,9316772.87,2024-10-29,Online,eb2ec80e-4c25-4823-8cf4-ffb0b4bba73f,198229.21,9316772.87,High,2024,10,29
Jessica Garcia,plateau,Charger,79.0,184669.5,14588890.5,2024-03-14,Wholesale,ac0f6801-15b2-4e1d-9715-46339d4edb71,184669.5,14588890.5,High,2024,3,14
Shelia Wallace,Bauchi,Monitor,11.0,280903.26,3089935.86,2023-11-14,Online,3d131a3d-1e2c-4e7d-902c-f0ee224a66a6,280903.26,3089935.8600000003,High,2023,11,14
Stephanie Williams,Sokoto,Keyboard,33.0,266767.88,8803340.04,2024-05-11,Direct,,266767.88,8803340.040000001,High,2024,5,11
Elaine Brooks,Anambra,Tablet,47.0,72579.56,3411239.32,2024-10-31,Retail,5f90fc87-2edc-417e-9df0-5d184e2d6255,72579.56,3411239.32,High,2024,10,31
Joseph Knight,Enugu,Monitor,47.0,155703.69921212122,7318073.862969697,2025-02-04,Retail,63725424-82c5-4b21-a430-12dab1850eb8,155703.69921212122,7318073.862969697,High,2025,2,4
Carolyn Miller,Sokoto,Phone,47.0,20653.63,970720.6100000001,2025-04-25,Direct,93267d25-234b-4562-98af-5cca6b11b7cb,20653.63,970720.6100000001,High,2025,4,25
,Delta,KEYBOARD,47.0,178386.27,8384154.6899999995,2024-02-28,,7c966b55-2f8d-4ded-ac4c-450b623ad0fc,178386.27,8384154.6899999995,High,2024,2,28
Lisa Allen,Anambra,Laptop,47.0,134209.1,6307827.7,2024-10-14,,eb4e2281-b184-41fc-8991-b01aa2b03c4b,134209.1,6307827.7,High,2024,10,14
Briana Murray,Benue,Charger,16.0,201771.08,3228337.28,2024-03-28,Direct,2c591da8-fff9-4acf-ae42-05eea52fc3ec,201771.08,3228337.28,High,2024,3,28
David Smith,oyo,Tablet,47.0,261727.62,12301198.14,2024-08-08,Direct,49f1137d-7d59-4e19-aab7-b2ef8e0ec033,261727.62,12301198.14,High,2024,8,8
Stephanie Byrd,Borno,Charger,47.0,73797.88,3468500.3600000003,2025-04-14,Direct,d78c57d3-5088-40d3-afe5-b14023ea7956,73797.88,3468500.3600000003,High,2025,4,14
Jeremy Reed,Ekiti,Laptop,59.0,13748.9,811185.1,2024-08-09,Direct,dd92dd7c-0db9-47a9-9e91-a71c7374ccbf,13748.9,811185.1,High,2024,8,9
Margaret Coleman,Sokoto,Monitor,47.0,131969.36,6202559.919999999,2024-08-27,Direct,7c0f549d-0274-4f73-b3ab-ea0d5be9fdb3,131969.36,6202559.919999999,High,2024,8,27
Ryan Gonzalez,Kano,Phone,47.0,162158.06,7621428.82,2024-07-25,Direct,624a2a50-d0b1-4de0-b1f3-f0c022f3f068,162158.06,7621428.82,High,2024,7,25
John Young,Lagos,KEYBOARD,47.0,155703.69921212122,7318073.862969697,2025-01-11,Retail,a72f947d-8164-42cb-8fc3-d7d3f6bd80c7,155703.69921212122,7318073.862969697,High,2025,1,11
Laura Haney,Ekiti,Monitor,47.0,226438.52,10642610.44,2024-09-20,Online,7de1bf5d-af48-47f0-a8bd-075b7eb6581e,226438.52,10642610.44,High,2024,9,20
William Barrett,Katsina,Phone,47.0,232931.05,10947759.35,2024-02-28,,,232931.05,10947759.35,High,2024,2,28
Keith Jennings,Plateau,Camera,47.0,42470.6,1996118.2,2024-07-13,Online,71a0449d-d703-462f-b5cb-e3f56a66c184,42470.6,1996118.2,High,2024,7,13
Amber Obrien,rivers,Charger,55.0,298048.29,16392655.95,2025-04-04,Retail,90bde900-1529-46f5-aad1-1fe87d1b695e,298048.29,16392655.95,High,2025,4,4
,Kano,Keyboard,47.0,70631.37,3319674.3899999997,2023-07-23,Wholesale,38749f3c-c2d4-4b56-8bbe-d98007e67cb0,70631.37,3319674.3899999997,High,2023,7,23
Tanner Mitchell DDS,Imo,Keyboard,47.0,274960.91,12923162.77,2024-04-22,Online,398f569b-465c-42cb-885e-b4894ac66780,274960.91,12923162.77,High,2024,4,22
Heather Fields,Enugu,Phone,54.0,173045.05,9344432.7,2024-03-24,Wholesale,c7de96ea-2b0f-4e44-89e6-4c2289a0b7eb,173045.05,9344432.7,High,2024,3,24
Megan Le,Bauchi,CAMERA,47.0,173453.71,8152324.369999999,2024-12-15,Retail,c5c5ae8a-be15-4d12-90ce-77e9751303b9,173453.71,8152324.369999999,High,2024,12,15
Sara Fuller,Anambra,Tablet,47.0,231875.19,10898133.93,2023-10-04,,82c42e48-8cba-4ae5-becc-daf4c4134dc2,231875.19,10898133.93,High,2023,10,4
Maria Parker,Oyo,Headphones,47.0,155703.69921212122,7318073.862969697,2024-05-29,Wholesale,44945e09-1d3c-45a4-929d-63771cfb655f,155703.69921212122,7318073.862969697,High,2024,5,29
Kevin Oconnor,Osun,Tablet,47.0,245605.56,11543461.32,2024-10-06,Retail,fdab3441-d2c2-4960-8b09-01abc66dceb3,245605.56,11543461.32,High,2024,10,6
Edward Burgess,Kano,Keyboard,47.0,71452.76,3358279.7199999997,2024-03-05,Direct,c1bcbe59-d296-412d-8ac3-5ac45deaa737,71452.76,3358279.7199999997,High,2024,3,5
Carlos Ryan,delta,Keyboard,71.0,262939.37,18668695.27,2025-03-20,,70fd6672-b80f-46c5-828f-a16b0aa6fcb9,262939.37,18668695.27,High,2025,3,20
Kiara Mcintyre,Osun,Laptop,47.0,295715.82,13898643.540000001,2025-06-08,Direct,6cd6f011-fd61-413b-b7f2-5d368bddcee3,295715.82,13898643.540000001,High,2025,6,8
Dawn Summers,Borno,Phone,47.0,156614.69,7360890.43,2025-01-24,,a757075b-d47f-43b1-bc69-c1551a37f6bd,156614.69,7360890.43,High,2025,1,24
Dr. Paul Morgan,Kaduna,CAMERA,47.0,124361.28,5844980.16,2025-05-18,,,124361.28,5844980.16,High,2025,5,18
Victor Taylor,Ekiti,Headphones,47.0,82908.6,3896704.2,2024-12-26,Online,dff389aa-4c36-470c-bf5e-3b8cc0582da5,82908.6,3896704.2,High,2024,12,26
,Imo,Tablet,47.0,167237.08,7860142.76,2024-11-10,,4347dbca-7321-48b2-8840-405affd2f491,167237.08,7860142.76,High,2024,11,10
Shannon Ramsey,Borno,Phone,47.0,177704.3,8352102.1,2023-07-31,Online,164484a0-d115-4fff-9cb9-1d5f593c572b,177704.3,8352102.1,High,2023,7,31
Tracy Ballard,Katsina,Monitor,47.0,155703.69921212122,7318073.862969697,2024-10-16,Wholesale,1e0d02b5-fe74-42cd-9d83-ad037066e289,155703.69921212122,7318073.862969697,High,2024,10,16
Richard Smith,Bauchi,Laptop,47.0,220696.03,10372713.41,2024-07-13,,35ba9357-3ca8-4f31-8fd7-f3b9c68fcba5,220696.03,10372713.41,High,2024,7,13
Jordan Chambers,lagos,Camera,47.0,52952.39,2488762.33,2024-02-02,Wholesale,b06b0f0c-9682-4e22-bcd4-344fcf8a368e,52952.39,2488762.33,High,2024,2,2
Lauren Carson,Imo,Laptop,47.0,203785.66,9577926.02,2024-12-01,,9c3a1e0b-b5f3-48aa-9c6d-afff59c2f153,203785.66,9577926.02,High,2024,12,1
Ashley Hall,Borno,KEYBOARD,18.0,166977.27,3005590.86,2025-03-10,Online,9dbc15c0-2a7d-457c-ad9c-5b50a1fd4187,166977.27,3005590.86,High,2025,3,10
Stephen Hoffman,Rivers,Laptop,47.0,14541.79,683464.13,2025-03-04,Direct,d0437e4c-34e5-4699-88eb-e27a23a4e70e,14541.79,683464.13,High,2025,3,4
Connie Brown,Oyo,Headphones,47.0,103652.24,4871655.28,2024-10-02,,91f0647d-0f32-4333-8e31-593734fa32b6,103652.24,4871655.28,High,2024,10,2
Susan Turner,Anambra,Keyboard,47.0,193173.16,9079138.52,2024-10-01,Retail,98cbaa52-47f5-4019-8843-8de259cf0b0d,193173.16,9079138.52,High,2024,10,1
Charles Shah,Rivers,Tablet,47.0,114655.81,5388823.07,2024-01-03,Direct,fa9fc10e-52da-4681-ab1a-c76c89ecbc51,114655.81,5388823.07,High,2024,1,3
Johnathan Davis,Rivers,Tablet,47.0,157576.69,7406104.43,2025-01-21,Online,929ecc92-4a11-4e44-8aea-1b8fb43cde0a,157576.69,7406104.43,High,2025,1,21
Brandy Chavez,Imo,Monitor,24.0,155703.69921212122,3736888.7810909096,2023-08-19,Retail,,155703.69921212122,3736888.7810909096,High,2023,8,19
,oyo,Keyboard,47.0,209044.37,9825085.39,2024-10-06,Wholesale,83b0b35c-dba6-4df8-b3d0-4ffb44709848,209044.37,9825085.39,High,2024,10,6
Natalie Bautista,Anambra,KEYBOARD,47.0,122773.62,5770360.14,2024-07-18,Online,d0afb235-ade6-4f51-a670-93a0fc48f615,122773.62,5770360.14,High,2024,7,18
Patrick Moore,Borno,Camera,47.0,90316.6,4244880.2,2023-11-20,Direct,c0062b5b-f678-49b2-a2b5-f4571860ad28,90316.6,4244880.2,High,2023,11,20
Brett Burns,Katsina,Keyboard,26.0,55571.75,1444865.5,2024-08-21,Wholesale,0f2d5c15-eb34-4d3a-a95e-5ea9c9230c64,55571.75,1444865.5,High,2024,8,21
Trevor Johnson,Enugu,Headphones,26.0,161609.52,4201847.52,2024-11-10,Wholesale,a7e8d18e-ddf6-44ac-86fe-acd4fe1393cd,161609.52,4201847.52,High,2024,11,10
Jeremy Sampson,Sokoto,Monitor,47.0,72669.97,3415488.59,2025-01-21,Online,21f8072d-ddb7-470e-b390-b059207bbe21,72669.97,3415488.59,High,2025,1,21
Ariana Jennings,Enugu,Camera,47.0,67990.69,3195562.43,2024-11-03,Direct,5274ee11-b61d-4906-a570-35db3fead90a,67990.69,3195562.43,High,2024,11,3
Vanessa Howard,Anambra,Headphones,47.0,257333.6,12094679.200000001,2025-03-03,Online,d7f34368-c2ef-4ecb-bf5f-bf4fd4176230,257333.6,12094679.200000001,High,2025,3,3
Colton Martinez,Bauchi,Laptop,33.0,43733.35,1443200.55,2025-04-24,Retail,24655c39-7d4d-4add-a488-0945ad1db537,43733.35,1443200.55,High,2025,4,24
Jordan Bates,cross river,TABLET,47.0,155703.69921212122,7318073.862969697,2024-05-01,Retail,a0b85755-44ca-45a2-a1e5-18a293d228d4,155703.69921212122,7318073.862969697,High,2024,5,1
Linda Smith,Anambra,Monitor,47.0,139176.04,6541273.880000001,2023-11-02,,135508d0-73b5-4ad5-a00b-4b356a0aa7d5,139176.04,6541273.880000001,High,2023,11,2
Dana Martinez,Abuja,Charger,46.0,17758.37,816885.02,2025-04-09,Wholesale,c4d598f7-e14f-4093-8b6a-d0c7a2356dd4,17758.37,816885.0199999999,High,2025,4,9
Andrea Hubbard,Kano,Tablet,47.0,124096.91,5832554.7700000005,2024-12-20,,bff30c8d-83ff-4e96-a721-3a7017d50f59,124096.91,5832554.7700000005,High,2024,12,20
,Niger,Phone,35.0,125244.11,4383543.85,2024-01-15,Direct,,125244.11,4383543.85,High,2024,1,15
Daniel Kane,Anambra,Tablet,47.0,159232.55,7483929.85,2023-08-04,Retail,e097dedb-efb3-4939-b1d8-18874739cc7b,159232.55,7483929.85,High,2023,8,4
Charles Lester,Abuja,Tablet,47.0,116831.51,5491080.97,2024-09-27,,7cf07bb3-f343-49eb-b466-ef025e7b72c8,116831.51,5491080.97,High,2024,9,27
Scott Thomas,Lagos,Keyboard,47.0,76871.2,3612946.4,2025-01-05,Retail,de70bd30-00a2-4367-94fb-09f053c93ae7,76871.2,3612946.4,High,2025,1,5
David Thompson,Sokoto,HEADPHONES,44.0,99413.77,4374205.88,2023-10-04,Retail,17d821b8-bb93-4d40-98df-f535c62dbaea,99413.77,4374205.88,High,2023,10,4
Allison Smith,oyo,Keyboard,47.0,24181.59,1136534.73,2023-12-06,Retail,a284e8fd-755c-4e2a-b8de-d777bb1e5ae8,24181.59,1136534.73,High,2023,12,6
Cynthia Morris,Anambra,Keyboard,47.0,155703.69921212122,7318073.862969697,2023-07-25,Online,d9a09007-5bb4-4c18-b281-87c4aa055442,155703.69921212122,7318073.862969697,High,2023,7,25
Anthony Harmon,Kaduna,Charger,47.0,135211.15,6354924.05,2024-06-17,,65d0b517-88d0-4abd-8bb1-8c791036708d,135211.15,6354924.05,High,2024,6,17
Nichole Alvarez,Ekiti,Charger,47.0,111637.71,5246972.37,2024-03-10,Wholesale,d3293724-6dfd-471a-b7d7-465d37c3b3c9,111637.71,5246972.37,High,2024,3,10
Kayla Rodriguez,Imo,Monitor,55.0,160922.84,8850756.2,2024-05-31,,52a74a41-44be-4486-bea5-a387363be5cb,160922.84,8850756.2,High,2024,5,31
Theresa Williams,Niger,Keyboard,47.0,248907.18,11698637.459999999,2023-11-05,Wholesale,8c1c8b05-5677-4f36-8899-8e5fd40e53ce,248907.18,11698637.459999999,High,2023,11,5
Sharon Boyd,Imo,Charger,47.0,15935.22,748955.34,2024-05-26,,da385db5-90ee-4067-a16e-9fe593f37596,15935.22,748955.34,High,2024,5,26
Victor Brown,Lagos,CAMERA,47.0,113461.81,5332705.07,2024-12-28,,e4e751de-57ff-41d9-89ce-44bd7c3f1add,113461.81,5332705.07,High,2024,12,28
,Rivers,Camera,14.0,181688.35,2543636.9,2023-12-16,Retail,0bc2ea72-0c64-4ca2-8323-1466aebbb90e,181688.35,2543636.9,High,2023,12,16
James Parks,kano,Monitor,47.0,12344.49,580191.03,2024-05-24,Wholesale,,12344.49,580191.03,High,2024,5,24
Theodore Jones Jr.,Oyo,Camera,47.0,22298.91,1048048.77,2024-08-03,Wholesale,d6321d31-c8ac-4fcf-a04d-4d14197dbae1,22298.91,1048048.77,High,2024,8,3
Ana Hill,Imo,Monitor,47.0,155703.69921212122,7318073.862969697,2025-03-03,Wholesale,edef5003-1fce-41e3-842b-03ca75a72686,155703.69921212122,7318073.862969697,High,2025,3,3
Kimberly Nguyen,Abuja,Phone,47.0,241492.86,11350164.42,2024-10-27,,74de5f70-70f8-4dba-a871-9b9bdb8f0e32,241492.86,11350164.42,High,2024,10,27
Kerry Chavez DDS,Osun,Charger,47.0,176481.31,8294621.57,2025-06-24,Wholesale,6d84414d-f541-41ea-bde9-1c42002c4c22,176481.31,8294621.57,High,2025,6,24
Michael Farrell,Plateau,Keyboard,47.0,201599.43,9475173.209999999,2024-07-11,,e8cee951-b047-4ea4-bee5-ce6933cb202e,201599.43,9475173.209999999,High,2024,7,11
Patricia Le,Imo,MONITOR,58.0,65496.45,3798794.1,2025-05-18,Online,4d470ed6-a666-4769-a1d4-6f8221c50e41,65496.45,3798794.0999999996,High,2025,5,18
Jesse Perez,Oyo,Monitor,47.0,63062.28,2963927.16,2025-04-29,Retail,e0688849-eec7-4a30-9fda-35b228b2bf21,63062.28,2963927.16,High,2025,4,29
Jesse Perry,Niger,Headphones,47.0,272156.33,12791347.510000002,2025-02-01,Direct,5c457e4d-a793-43b8-97e5-2113462623be,272156.33,12791347.510000002,High,2025,2,1
Jeffery Ortega,oyo,Keyboard,47.0,91304.81,4291326.07,2025-01-25,Online,aa1d3fc6-5f31-473d-9519-830c40198303,91304.81,4291326.07,High,2025,1,25
Christian Leblanc,Abuja,Phone,8.0,272743.75,2181950.0,2023-08-28,Wholesale,0d41ee47-2a5f-4a18-a61f-0b96e75f745a,272743.75,2181950.0,High,2023,8,28
Ronald Davis,Borno,Headphones,47.0,63936.43,3005012.21,2025-01-09,Retail,b9da5f8c-4e35-4a80-a027-9a186576a410,63936.43,3005012.21,High,2025,1,9
,Osun,Charger,47.0,155703.69921212122,7318073.862969697,2023-10-26,Retail,6de21429-3bf0-49c1-8156-e501b30e96e8,155703.69921212122,7318073.862969697,High,2023,10,26
Parker Cain,Abuja,Laptop,47.0,57412.1,2698368.6999999997,2024-08-16,Retail,185df528-b425-4e19-9758-d47ea7cde143,57412.1,2698368.6999999997,High,2024,8,16
Laurie Hoffman,Osun,KEYBOARD,87.0,222571.82,19363748.34,2023-12-19,Retail,,222571.82,19363748.34,High,2023,12,19
Bryan Gomez,Enugu,Laptop,4.0,224190.33,896761.32,2024-09-18,Wholesale,13f3cade-7a10-413f-b6a2-c52b00473139,224190.33,896761.32,High,2024,9,18
Nicole Parrish,Delta,Keyboard,47.0,226422.06,10641836.82,2024-03-19,Retail,84fa4c72-39e7-44f1-97fb-613a21f89d06,226422.06,10641836.82,High,2024,3,19
Tracy Burke,Rivers,Phone,57.0,274375.17,15639384.69,2024-12-06,Direct,02106371-0260-4123-b1ef-e72aae13591e,274375.17,15639384.69,High,2024,12,6
Kenneth Lewis,osun,Headphones,17.0,208840.07,3550281.19,2024-07-16,Direct,1edf3bfa-d12e-4eb5-97f4-79b5b212a6ee,208840.07,3550281.19,High,2024,7,16
Courtney Rodriguez,Imo,Monitor,47.0,211278.69,9930098.43,2024-08-22,Retail,b1ac040d-6c1c-4405-9c3f-42e0fcf7b842,211278.69,9930098.43,High,2024,8,22
Holly Farmer,Niger,Headphones,47.0,119291.3,5606691.100000001,2024-04-28,,3a9c4308-1221-4ddf-ba4a-902f21d63b0f,119291.3,5606691.100000001,High,2024,4,28
Renee Bruce,Katsina,Laptop,47.0,72179.62,3392442.1399999997,2024-03-10,Wholesale,ce532ffd-bb13-4f02-96de-66c96210def6,72179.62,3392442.1399999997,High,2024,3,10
Sabrina Austin,Oyo,KEYBOARD,47.0,155703.69921212122,7318073.862969697,2023-11-22,Direct,5e1885c3-5037-4d6b-9a6b-6a7d1a38aad6,155703.69921212122,7318073.862969697,High,2023,11,22
Allison Hickman,Delta,Tablet,47.0,96823.7,4550713.899999999,2024-07-02,Direct,61fa01ba-231a-47c7-8c9b-ff5ce1887eaf,96823.7,4550713.899999999,High,2024,7,2
Debra White,Kaduna,Charger,47.0,85276.23,4007982.8099999996,2025-06-18,Direct,dfdf0e05-c0ce-431b-9038-e153c601818b,85276.23,4007982.8099999996,High,2025,6,18
,Kaduna,Monitor,47.0,140142.01,6586674.470000001,2024-08-28,Online,ad58db1b-fe31-437a-a43e-558c2215df00,140142.01,6586674.470000001,High,2024,8,28
Ellen Morgan,Niger,Laptop,98.0,194792.04,19089619.92,2024-04-01,Online,9033da65-87cf-43fd-9183-6c4f249204c7,194792.04,19089619.92,High,2024,4,1
Sergio Knight,lagos,Charger,74.0,92872.47,6872562.78,2024-09-07,Direct,2a038ad4-a667-4982-9c3d-e1b0022b6683,92872.47,6872562.78,High,2024,9,7
Charles Schultz,Kaduna,Monitor,47.0,108213.56,5086037.32,2024-04-11,,,108213.56,5086037.32,High,2024,4,11
Paul Lewis,Sokoto,Charger,47.0,264902.18,12450402.459999999,2024-12-16,Wholesale,368acd40-b8f1-4e3c-99e7-703a70aa5b0d,264902.18,12450402.459999999,High,2024,12,16
Glen Wood,Niger,KEYBOARD,47.0,140068.22,6583206.34,2025-03-01,Wholesale,eb7e2e64-26c0-447e-bf8e-8bfaa0c9da72,140068.22,6583206.34,High,2025,3,1
Paula Bradley,Delta,Phone,32.0,240943.58,7710194.56,2025-05-14,Direct,714011a1-afc2-4cfc-9db7-284b6965d1d1,240943.58,7710194.56,High,2025,5,14
Anthony Moore,Anambra,Laptop,47.0,155703.69921212122,7318073.862969697,2025-01-20,Direct,e5871d89-1631-4fc6-b79d-58f9dc268108,155703.69921212122,7318073.862969697,High,2025,1,20
Megan Nelson,Kaduna,Camera,47.0,216862.87,10192554.89,2024-12-20,Wholesale,1f873b46-c0a0-473a-a3d7-e6a119b814fc,216862.87,10192554.89,High,2024,12,20
Karla Ramos,Rivers,Tablet,47.0,228607.88,10744570.36,2024-11-21,,59fe3d53-624f-4a4b-bae1-e13796ee50e5,228607.88,10744570.36,High,2024,11,21
Paul Wilson,Benue,Camera,72.0,96409.87,6941510.64,2025-03-26,Online,ca840003-5083-4fef-adec-6bbdf69777a1,96409.87,6941510.64,High,2025,3,26
Douglas Gregory,abuja,Laptop,47.0,61336.68,2882823.96,2024-12-30,Online,a505da9c-46e7-4a2c-bf6e-ed9d23cbe943,61336.68,2882823.96,High,2024,12,30
Mr. Andrew Foster,Cross River,Monitor,47.0,94220.14,4428346.58,2024-02-01,Direct,99db1302-8dab-46d3-bf87-dfc2159152f2,94220.14,4428346.58,High,2024,2,1
,Delta,LAPTOP,47.0,14191.78,667013.66,2024-10-26,Wholesale,48f091f0-9b8b-48ae-b89f-3a92999a1d86,14191.78,667013.66,High,2024,10,26
Aimee Turner,Enugu,Laptop,47.0,259293.41,12186790.27,2024-07-21,Online,06ddf6ca-b0c3-4a59-b0f7-ad22c76a8e0f,259293.41,12186790.27,High,2024,7,21
Chad Scott,Ekiti,Keyboard,63.0,222505.09,14017820.67,2023-12-07,,e03635fc-a88d-4108-98d9-94b8d90f74e9,222505.09,14017820.67,High,2023,12,7
Adam Burgess,Osun,Headphones,16.0,5357.86,85725.76,2024-01-18,Direct,9b5f8f39-848b-44f0-b498-17354d38e415,5357.86,85725.76,Medium,2024,1,18
James Padilla,Borno,Tablet,47.0,155703.69921212122,7318073.862969697,2024-02-12,Retail,,155703.69921212122,7318073.862969697,High,2024,2,12
Sandra Drake,Delta,Phone,47.0,166216.81,7812190.07,2024-09-16,Direct,6449cb6f-bf72-4e52-b04b-237082701238,166216.81,7812190.07,High,2024,9,16
Scott Williams,Delta,Phone,57.0,175417.55,9998800.35,2024-02-27,Retail,c8a738ab-0df8-4e12-a56b-61e04ba8a4ca,175417.55,9998800.35,High,2024,2,27
Thomas Atkins,lagos,Charger,47.0,216143.58,10158748.26,2024-01-01,Direct,3d4574eb-f465-4a21-8b35-097ae5dd98f1,216143.58,10158748.26,High,2024,1,1
Laura Mckinney,Enugu,PHONE,47.0,88910.09,4178774.23,2024-02-27,Wholesale,3db788a6-1cdc-44c2-a2c9-65b27eb0f62a,88910.09,4178774.23,High,2024,2,27
Brian Smith,Benue,Tablet,91.0,59259.44,5392609.04,2025-02-28,Wholesale,122dd7be-980b-481e-a359-5d1f7fe4a42e,59259.44,5392609.04,High,2025,2,28
Robert Montgomery,Sokoto,Charger,47.0,69390.58,3261357.2600000002,2024-02-20,Wholesale,0316d2d6-fa4a-48ef-a383-7348873dc8bd,69390.58,3261357.2600000002,High,2024,2,20
Tamara Davis,Anambra,Charger,47.0,171151.96,8044142.119999999,2025-01-08,Wholesale,51045a16-ef15-4b72-9c70-ee97fca45567,171151.96,8044142.119999999,High,2025,1,8
Dana Chapman,Kano,Monitor,47.0,74096.14,3482518.58,2023-12-18,,d6c6f45c-dc5e-4e78-a307-d4d121c9a15d,74096.14,3482518.58,High,2023,12,18
,Anambra,Headphones,47.0,165417.44,7774619.68,2024-12-28,,8bde005b-5d8b-4bd7-abbd-b66f91816091,165417.44,7774619.68,High,2024,12,28
Jennifer Collins,Osun,Camera,82.0,155703.69921212122,12767703.335393941,2025-01-08,Retail,78946a15-c342-41db-ac3a-acdcaed54a46,155703.69921212122,12767703.335393941,High,2025,1,8
Gary Jackson,Bauchi,Monitor,47.0,283067.63,13304178.61,2024-07-24,,12af97e4-c536-466e-bcc4-091bf45707c6,283067.63,13304178.61,High,2024,7,24
Ashley Hicks,benue,HEADPHONES,29.0,101600.5,2946414.5,2024-03-13,Direct,0387f74d-1149-4096-965d-744f0445c1a8,101600.5,2946414.5,High,2024,3,13
Hannah Luna,Imo,Headphones,26.0,229126.51,5957289.26,2024-07-17,Wholesale,ec2e2815-0a32-47d2-b73a-edf8431e930f,229126.51,5957289.26,High,2024,7,17
Robin Young,Sokoto,Headphones,47.0,146842.02,6901574.9399999995,2024-04-06,Online,,146842.02,6901574.9399999995,High,2024,4,6
Craig Morrison,Lagos,Laptop,47.0,217205.6,10208663.200000001,2024-09-18,Online,65e1b0f5-ca0e-48c4-b2dc-b12b0f7ae302,217205.6,10208663.200000001,High,2024,9,18
Mary Thompson,Rivers,Monitor,47.0,222008.43,10434396.209999999,2025-07-05,Online,b66edbf4-a0ea-4251-8957-43a281b13b80,222008.43,10434396.209999999,High,2025,7,5
Kathleen Webster,Anambra,Camera,47.0,138518.29,6510359.630000001,2025-07-05,Direct,6c6f6d2e-6a59-4043-8461-52348044beb2,138518.29,6510359.630000001,High,2025,7,5
Joann Glass,Kaduna,Keyboard,71.0,219965.28,15617534.88,2025-03-19,Online,a3fa4069-1519-4d38-a6fb-a71db3a9dcaa,219965.28,15617534.88,High,2025,3,19
Madison Weber,Plateau,Headphones,79.0,105976.76,8372164.04,2025-01-21,Online,271610c1-9db5-4283-89a3-c811895c4fde,105976.76,8372164.04,High,2025,1,21
Lori Hernandez,Anambra,CAMERA,47.0,155703.69921212122,7318073.862969697,2024-02-08,Retail,143ac1c5-4f56-4ed5-9566-9e364708203b,155703.69921212122,7318073.862969697,High,2024,2,8
Jeremy Turner,abuja,Keyboard,47.0,42417.58,1993626.26,2024-02-19,Direct,f96c9a0a-3404-402a-abc1-bb5282e4dd4a,42417.58,1993626.26,High,2024,2,19
,Rivers,Tablet,47.0,164190.63,7716959.61,2023-10-13,Direct,53a5e850-8950-4dd6-a7c6-cbb1cedd069d,164190.63,7716959.61,High,2023,10,13
Anthony Romero,Katsina,Keyboard,47.0,55622.31,2614248.57,2024-09-28,Online,c362a810-a261-4b8d-9620-bee66406face,55622.31,2614248.57,High,2024,9,28
Jesse Brown,Niger,Tablet,47.0,266864.68,12542639.959999999,2024-12-17,Direct,a4a5c736-ae59-4a52-a65b-e22bd5a386d9,266864.68,12542639.959999999,High,2024,12,17
Angela Lin,Osun,Phone,74.0,297101.9,21985540.6,2024-09-04,Retail,6fff15cc-b2dc-4c34-8f67-448e10eceb1f,297101.9,21985540.6,High,2024,9,4
Lisa Hunter,Sokoto,Keyboard,47.0,287192.45,13498045.15,2024-04-30,Retail,3d175712-d8b2-4277-b413-db19bade8d5d,287192.45,13498045.15,High,2024,4,30
Julian Conner,Niger,Tablet,83.0,157421.35,13065972.05,2025-06-05,Wholesale,ecb4678c-1612-4aa6-be96-39ba0ed2ec9d,157421.35,13065972.05,High,2025,6,5
Joanna Pacheco,Katsina,HEADPHONES,47.0,251801.01,11834647.47,2024-05-12,Retail,,251801.01,11834647.47,High,2024,5,12
Erica Alvarez,Bauchi,Laptop,47.0,22761.96,1069812.1199999999,2025-04-06,Wholesale,9cbf7b8c-7410-4d5d-9db1-4bfc6f3a5115,22761.96,1069812.1199999999,High,2025,4,6
Antonio Garcia,rivers,Keyboard,45.0,155703.69921212122,7006666.464545455,2024-04-04,Online,aa8430f8-4f2d-4233-8e16-5b129bdc70d1,155703.69921212122,7006666.464545455,High,2024,4,4
Gwendolyn Klein,Benue,Charger,47.0,245489.78,11538019.66,2025-03-02,Wholesale,2cf72140-bd9b-4648-a876-1e85bddfa03a,245489.78,11538019.66,High,2025,3,2
Carrie Wright,Plateau,Tablet,47.0,15030.06,706412.82,2025-03-26,Wholesale,23204ff5-b538-496c-833e-02f71e93d127,15030.06,706412.82,High,2025,3,26
Jeffrey Mills,Enugu,Monitor,24.0,2411.96,57887.04,2023-11-01,Online,7f14eafa-29f0-4f7c-82e7-df89b3957a98,2411.96,57887.04,Medium,2023,11,1
Jake Campbell,Anambra,Tablet,47.0,41678.71,1958899.3699999999,2024-02-21,Wholesale,8468b74d-85e3-4de5-98c1-aad6f3f8dea4,41678.71,1958899.3699999999,High,2024,2,21
,Abuja,Keyboard,8.0,189395.14,1515161.12,2023-08-12,Retail,425e0259-b884-46d2-928f-cf68c871d7b3,189395.14,1515161.12,High,2023,8,12
George Harper,Niger,TABLET,67.0,20856.4,1397378.8,2024-02-19,Online,bff15840-207e-463f-9f32-d5d82abe1585,20856.4,1397378.8,High,2024,2,19
Maria Jones,Lagos,Camera,39.0,45733.38,1783601.82,2025-01-15,Direct,bba1aed9-44cd-4fdd-9f9b-141ec7f7bda1,45733.38,1783601.8199999998,High,2025,1,15
Michael Mitchell,Bauchi,Monitor,47.0,66006.54,3102307.38,2023-09-10,Wholesale,e65fad87-c57c-4498-9e38-f711e2ec13f4,66006.54,3102307.38,High,2023,9,10
Mary Escobar,imo,Keyboard,91.0,137074.89,12473814.99,2024-04-05,Retail,6de8370a-ce9e-4ebd-95c3-48530783e43c,137074.89,12473814.990000002,High,2024,4,5
Felicia Aguilar,Enugu,Laptop,47.0,155703.69921212122,7318073.862969697,2025-06-27,Direct,4350ab06-1059-4a28-861b-4f5b45a08539,155703.69921212122,7318073.862969697,High,2025,6,27
Gregory Ponce,Osun,Camera,37.0,18604.81,688377.97,2024-06-18,Online,a0a5fde6-939f-41a2-b99c-ea5cb65ad0f1,18604.81,688377.9700000001,High,2024,6,18
Jenna Larson,Niger,Monitor,33.0,191499.71,6319490.43,2024-12-01,Online,,191499.71,6319490.43,High,2024,12,1
Emily Bennett,Kano,Charger,47.0,280204.16,13169595.52,2024-01-26,Online,82c299f0-7487-4772-bf03-86fa13badc91,280204.16,13169595.52,High,2024,1,26
Robin Santiago,Sokoto,TABLET,36.0,273869.06,9859286.16,2025-02-10,Retail,dbff00b0-7fe6-40f3-8e31-41ec5c311464,273869.06,9859286.16,High,2025,2,10
Nancy Jennings,Katsina,Tablet,47.0,197955.66,9303916.02,2024-07-17,Direct,28457780-5e20-4957-aab8-bd33911f730b,197955.66,9303916.02,High,2024,7,17
Maria Henderson,Sokoto,Phone,47.0,5211.66,244948.02,2023-12-24,Online,e4eec67c-1a57-49e4-85f8-e2f8414f4994,5211.66,244948.02,High,2023,12,24
Jack White,Rivers,Monitor,47.0,159897.64,7515189.080000001,2023-12-14,Retail,1d8680cb-b908-40f3-ac93-281a92ebeab0,159897.64,7515189.080000001,High,2023,12,14
,borno,Tablet,83.0,123695.88,10266758.04,2025-04-14,,00a85473-8242-4912-bda3-c1623a78b64a,123695.88,10266758.040000001,High,2025,4,14
Travis Tucker,Bauchi,Phone,47.0,5509.48,258945.55999999997,2024-09-01,Retail,03254fbd-dce8-41c5-9bd3-0aec0b461173,5509.48,258945.55999999997,High,2024,9,1
Chad Jones,Borno,Phone,20.0,155703.69921212122,3114073.9842424244,2024-02-06,,5d2d904f-78c5-4073-8bc5-72073e9aec86,155703.69921212122,3114073.9842424244,High,2024,2,6
Ashley Wise,Niger,Keyboard,47.0,216796.72,10189445.84,2025-07-04,Direct,2dd0622e-266b-42ea-ab93-f78c620af158,216796.72,10189445.84,High,2025,7,4
Sophia Johnson,Sokoto,TABLET,47.0,160953.56,7564817.32,2024-09-19,Online,090d9655-db84-4660-b5d8-fb91ee6081ac,160953.56,7564817.32,High,2024,9,19
Ralph Anderson,Benue,Camera,47.0,86363.22,4059071.34,2025-01-01,Online,b6ca1127-e9f8-4970-8d98-f9e28d888beb,86363.22,4059071.34,High,2025,1,1
Christopher Guerra,Borno,Charger,6.0,150913.7,905482.2,2024-02-06,Wholesale,3979d5f5-6b5b-4975-a7dc-2bc0bd9c4693,150913.7,905482.2000000001,High,2024,2,6
Rhonda Martin,Imo,Camera,11.0,209508.79,2304596.69,2023-10-25,Online,ea75752d-6a8f-4acb-bf8e-2d0d52619dec,209508.79,2304596.69,High,2023,10,25
Jason Rhodes,Oyo,Camera,47.0,129456.68,6084463.96,2023-10-03,Direct,,129456.68,6084463.96,High,2023,10,3
Jeremy Mitchell,enugu,Tablet,47.0,281943.72,13251354.839999998,2024-10-31,Retail,d3748a11-4571-4959-91e7-44e4b864ca08,281943.72,13251354.839999998,High,2024,10,31
Joann Ferguson,Niger,Headphones,47.0,54190.42,2546949.7399999998,2025-02-05,Direct,1e910f36-5f70-4b25-9250-2e5913f06822,54190.42,2546949.7399999998,High,2025,2,5
Robert Harrison,Benue,Laptop,47.0,275455.63,12946414.61,2024-10-08,Online,0d7bec04-e6e5-4b32-ac5f-12ef8085c147,275455.63,12946414.61,High,2024,10,8
Holly Valentine,Kaduna,PHONE,82.0,155703.69921212122,12767703.335393941,2024-01-12,Retail,8409c5ea-cde9-48b3-b922-a7e42de982f8,155703.69921212122,12767703.335393941,High,2024,1,12
,Katsina,Tablet,47.0,157553.43,7405011.21,2024-01-15,Direct,66a302d6-f43e-4c48-8bc1-f9e5fb3df063,157553.43,7405011.21,High,2024,1,15
Mrs. Diane Reyes,Plateau,Keyboard,47.0,72670.17,3415497.9899999998,2023-08-19,Online,ddb449dc-7710-4966-a082-7f7611a529b4,72670.17,3415497.9899999998,High,2023,8,19
Tracy Montoya,Borno,Phone,47.0,186124.36,8747844.92,2024-12-12,Online,4f89e3b2-d847-4c53-8605-e58a48454343,186124.36,8747844.92,High,2024,12,12
Brenda Wright,Benue,Charger,62.0,76099.25,4718153.5,2025-06-13,Online,74ed5145-8d97-45c7-961d-5c8753c9fe59,76099.25,4718153.5,High,2025,6,13
Shelly Spencer,Imo,Headphones,47.0,106655.11,5012790.17,2024-08-26,Wholesale,4aa5f9d3-335f-4f59-9e71-7fca020a4497,106655.11,5012790.17,High,2024,8,26
Ryan Rosales,lagos,Laptop,47.0,238583.43,11213421.209999999,2024-01-02,Wholesale,bd54da04-4dcd-4009-88d5-77179055a36f,238583.43,11213421.209999999,High,2024,1,2
Phillip Nelson,Borno,Tablet,47.0,24166.26,1135814.22,2024-11-17,Wholesale,5e472e22-76c3-4642-be19-fc1d9f6a6a65,24166.26,1135814.22,High,2024,11,17
Brittany Kim,Borno,CHARGER,8.0,287809.69,2302477.52,2024-01-07,Retail,ff6ef9ed-7e4c-429f-b8cb-ab4c97790e84,287809.69,2302477.52,High,2024,1,7
Courtney Hayes,Enugu,Monitor,47.0,137969.82,6484581.54,2023-08-20,Direct,bb82b796-3207-443e-86a0-7656c5c9fb91,137969.82,6484581.54,High,2023,8,20
Alexander Brown,Niger,Headphones,47.0,155703.69921212122,7318073.862969697,2023-09-26,Retail,,155703.69921212122,7318073.862969697,High,2023,9,26
Cynthia Vang,Plateau,Camera,47.0,73340.76,3447015.7199999997,2024-05-27,Retail,cbc4ec0e-c2ae-4674-8beb-4e78e68373a3,73340.76,3447015.7199999997,High,2024,5,27
Alfred Galvan,Katsina,Headphones,78.0,209322.28,16327137.84,2024-03-23,Online,eeb19ad2-01a1-4b0f-a68b-84b63ec0a285,209322.28,16327137.84,High,2024,3,23
Marie Moody,Sokoto,Charger,47.0,90342.4,4246092.8,2025-01-18,,8aa2b4c9-3ba5-4d76-861e-fb9568f82063,90342.4,4246092.8,High,2025,1,18
,Ekiti,Tablet,47.0,248504.59,11679715.73,2024-07-11,,b186a5a8-d6ee-426b-a2cd-159058af393c,248504.59,11679715.73,High,2024,7,11
Dustin Gallegos,ekiti,Headphones,47.0,24644.77,1158304.19,2023-09-27,Online,55c3b2db-f374-490d-8274-ce40e09016b6,24644.77,1158304.19,High,2023,9,27
Brenda Thornton,Ekiti,TABLET,47.0,297506.57,13982808.790000001,2024-12-21,,60538c1b-a845-40a1-8249-2e5e005fd0e6,297506.57,13982808.790000001,High,2024,12,21
Aaron Miller,Enugu,Keyboard,47.0,195143.39,9171739.33,2025-02-28,Retail,4eb9047d-ba2a-43d9-bcf2-fc3bd95874c2,195143.39,9171739.33,High,2025,2,28
Ruben Dunn,Bauchi,Tablet,47.0,9989.51,469506.97000000003,2023-10-25,Direct,fbad793f-87a1-4c02-b487-9e411a9c672a,9989.51,469506.97000000003,High,2023,10,25
Kelsey Rodriguez,Cross River,Charger,47.0,121880.85,5728399.95,2023-07-15,Wholesale,f610396b-7df5-4abf-ab79-0d013cf88d20,121880.85,5728399.95,High,2023,7,15
Eric Williams,Kaduna,Laptop,47.0,155703.69921212122,7318073.862969697,2024-09-10,Retail,247296a4-ff38-4918-b8f9-a45d0f554896,155703.69921212122,7318073.862969697,High,2024,9,10
Riley Bryant,Kano,Keyboard,58.0,113462.29,6580812.82,2025-07-01,Retail,0b3d0c36-17d0-4810-87a2-a10bb62edb49,113462.29,6580812.819999999,High,2025,7,1
Taylor Carlson,Borno,Laptop,19.0,143063.53,2718207.07,2023-11-10,Direct,d872f72e-e5b4-41ae-bb41-c943ebd8a3b1,143063.53,2718207.07,High,2023,11,10
Jose Allen,Bauchi,Headphones,47.0,191206.05,8986684.35,2024-05-22,,e5449887-b36a-43ed-a9be-173a850ef0ad,191206.05,8986684.35,High,2024,5,22
Jeffrey Mendez,katsina,CAMERA,47.0,211002.12,9917099.64,2024-11-29,Direct,,211002.12,9917099.64,High,2024,11,29
Jason Beck,Sokoto,Monitor,54.0,25264.49,1364282.46,2025-07-06,Retail,bf7655d7-f97c-4c3c-b55d-814b5f5ba255,25264.49,1364282.4600000002,High,2025,7,6
William Jones,Kano,Charger,47.0,253676.27,11922784.69,2025-05-25,Online,8163b6ce-1877-4c06-94ad-625215bc2a3e,253676.27,11922784.69,High,2025,5,25
,Delta,Laptop,47.0,193649.72,9101536.84,2025-05-23,Online,64f434d6-d1e9-4691-a320-9116222df6a4,193649.72,9101536.84,High,2025,5,23
Katie Mcneil,Borno,Monitor,41.0,99715.55,4088337.55,2024-07-14,Retail,0ff1c51f-915c-431b-9786-7b1213281726,99715.55,4088337.5500000003,High,2024,7,14
Jeanette Harrison,Delta,Phone,98.0,293210.1,28734589.8,2024-07-15,Online,21761930-f6d7-4248-a995-ecc36f5b09a6,293210.1,28734589.799999997,High,2024,7,15
Veronica King,Enugu,Tablet,47.0,155703.69921212122,7318073.862969697,2024-11-27,,d9d57b02-42d0-4d55-8aab-47b23c9d128a,155703.69921212122,7318073.862969697,High,2024,11,27
Richard Cooper,Oyo,Laptop,47.0,292165.0,13731755.0,2023-12-12,Direct,64988bde-cd02-44db-ad11-15d750a46c85,292165.0,13731755.0,High,2023,12,12
Lori Ingram,Lagos,KEYBOARD,47.0,268489.97,12619028.589999998,2025-02-17,Wholesale,53853918-bc40-45fa-94f7-6322b362c0d2,268489.97,12619028.589999998,High,2025,2,17
Evelyn Williams,abuja,Charger,3.0,275786.09,827358.27,2024-02-19,Direct,3bcdf203-459e-4674-b3e7-f042516c3b0a,275786.09,827358.27,High,2024,2,19
Robin Thompson,Delta,Tablet,47.0,69315.07,3257808.2900000005,2024-03-16,Wholesale,22d839d3-33e4-4986-b18c-ccdc131eb723,69315.07,3257808.2900000005,High,2024,3,16
Julie Dominguez,Cross River,Monitor,59.0,270431.25,15955443.75,2024-02-17,Retail,1be5a4c3-95af-4d0c-8528-5425c7a9f33c,270431.25,15955443.75,High,2024,2,17
Robin Brown,Katsina,Charger,47.0,207840.17,9768487.99,2024-11-23,Retail,7316ce64-2a14-4a96-9b0c-62eb27c8fc6c,207840.17,9768487.99,High,2024,11,23
Judith Carter,Kano,Laptop,46.0,170251.85,7831585.1,2023-08-25,Wholesale,1ee89a4c-6811-44e2-9064-7c59774f6354,170251.85,7831585.100000001,High,2023,8,25
Curtis Williams,Ekiti,Camera,47.0,81692.97,3839569.59,2025-06-15,Online,,81692.97,3839569.59,High,2025,6,15
Kaylee Hays,Niger,Keyboard,47.0,277285.7,13032427.9,2025-02-27,Retail,c534ca08-f6f2-4d1c-9bb8-b9c8893259f3,277285.7,13032427.9,High,2025,2,27
,Plateau,PHONE,47.0,155703.69921212122,7318073.862969697,2023-09-18,,769de1e3-4eed-4124-b3b0-d6763527a5c8,155703.69921212122,7318073.862969697,High,2023,9,18
Dawn Mullins,Enugu,Charger,47.0,205486.41,9657861.27,2024-11-28,,1725d2c7-1eb2-47b8-9a3c-45ca43d78f2b,205486.41,9657861.27,High,2024,11,28
Howard Norman,benue,Camera,69.0,84471.72,5828548.68,2024-09-28,,4de1087b-afa1-4a55-8ebe-abaa28597b34,84471.72,5828548.68,High,2024,9,28
Evelyn Martinez,Cross River,Laptop,47.0,163137.69,7667471.43,2024-01-07,,9a72083c-b266-486c-b467-88bdd38e13e4,163137.69,7667471.43,High,2024,1,7
Steve Paul,Benue,Keyboard,47.0,197603.72,9287374.84,2024-08-29,Wholesale,db4862c2-d5ff-4a1f-b70b-9a290a530df9,197603.72,9287374.84,High,2024,8,29
Jasmine Beltran,Delta,Tablet,47.0,54216.67,2548183.4899999998,2025-02-03,Online,b60e695c-1759-4a96-a5f8-8c7453ea4919,54216.67,2548183.4899999998,High,2025,2,3
Jonathan Glass MD,Oyo,Monitor,47.0,255203.07,11994544.290000001,2025-01-22,Wholesale,657046ea-5b11-451f-b7e9-101d3f8b4433,255203.07,11994544.290000001,High,2025,1,22
Monica Miller,Lagos,Laptop,47.0,5189.6,243911.2,2025-05-01,Retail,4c80d33a-ad5b-43c8-8c88-0714837217e0,5189.6,243911.2,High,2025,5,1
Samantha Gardner,Rivers,HEADPHONES,52.0,62543.86,3252280.72,2025-07-07,,2c82989f-fd9c-4bb0-91f1-6485429a4a7c,62543.86,3252280.72,High,2025,7,7
Bobby Guerrero,Niger,Phone,47.0,43685.37,2053212.3900000001,2023-08-08,,dac726b6-6786-4fb3-b3bc-9a7107f4fee5,43685.37,2053212.3900000001,High,2023,8,8
Lance Simmons,Delta,Phone,47.0,155703.69921212122,7318073.862969697,2025-06-19,,8cd4b90a-bf82-41bc-8e52-fc4273c374a6,155703.69921212122,7318073.862969697,High,2025,6,19
Heather Williams,kaduna,Tablet,47.0,246296.88,11575953.36,2025-06-25,Retail,1a16998c-7648-476e-983f-ea703ff6579e,246296.88,11575953.36,High,2025,6,25
Heather Bolton,Bauchi,Keyboard,47.0,246360.27,11578932.69,2023-11-23,Direct,,246360.27,11578932.69,High,2023,11,23
,Ekiti,Laptop,47.0,278698.04,13098807.879999999,2024-05-30,Wholesale,1f178f93-23c9-4a1e-8b37-1d97cdcc2d6a,278698.04,13098807.879999999,High,2024,5,30
William Gould,Abuja,Laptop,47.0,90133.43,4236271.21,2025-05-26,Online,c7ecfe71-d493-47fc-8fc9-8d2e030f9be9,90133.43,4236271.21,High,2025,5,26
Mark Cox,Imo,Camera,47.0,169405.48,7962057.5600000005,2025-04-21,Retail,32b8d8aa-2176-4dd7-b8e7-e019fb8986c8,169405.48,7962057.5600000005,High,2025,4,21
Meghan Cisneros,Delta,HEADPHONES,47.0,170225.43,8000595.21,2023-11-24,Direct,afb06406-5f4b-4a97-a68c-879bd2dc42c8,170225.43,8000595.21,High,2023,11,24
Lawrence Harrington,Rivers,Monitor,16.0,254908.01,4078528.16,2025-07-05,Direct,15839b99-a50a-43dc-b004-e897a15b2e18,254908.01,4078528.16,High,2025,7,5
Austin Osborne,Ekiti,Keyboard,47.0,203271.97,9553782.59,2025-06-24,Online,eadc9960-4242-41e2-960b-e0f495132c22,203271.97,9553782.59,High,2025,6,24
James Bradley,Oyo,Charger,47.0,162398.45,7632727.15,2023-08-08,Retail,ff45f8a2-0594-424f-9332-5c31d010318a,162398.45,7632727.15,High,2023,8,8
Meghan Rush,ekiti,Monitor,47.0,155703.69921212122,7318073.862969697,2025-04-20,Direct,a55f65b7-e709-4ba6-b29f-c41710813d45,155703.69921212122,7318073.862969697,High,2025,4,20
Phillip Berry,Bauchi,Headphones,97.0,115461.94,11199808.18,2024-05-14,,178be968-20f8-4ba2-8f2e-32967184b713,115461.94,11199808.18,High,2024,5,14
Jennifer Banks,Imo,Monitor,47.0,222053.68,10436522.959999999,2025-03-14,Online,cf133b65-d450-4fa2-98e7-0aebe7b33085,222053.68,10436522.959999999,High,2025,3,14
Brian Fitzgerald,Katsina,Laptop,47.0,237254.18,11150946.459999999,2024-07-29,,f1394e3c-0aee-4557-9f5d-f91254e07431,237254.18,11150946.459999999,High,2024,7,29
Mr. Justin Green III,Sokoto,KEYBOARD,65.0,206948.51,13451653.15,2023-12-02,Online,ec93e596-2b01-4723-8cf6-97a57603c36c,206948.51,13451653.15,High,2023,12,2
Zachary Mitchell,Ekiti,Monitor,6.0,23989.09,143934.54,2025-07-07,Wholesale,b9744cde-d259-4960-aee3-560792ea1324,23989.09,143934.54,Medium,2025,7,7
,Katsina,Tablet,47.0,223764.24,10516919.28,2025-02-11,Wholesale,,223764.24,10516919.28,High,2025,2,11
Katherine Martinez,Bauchi,Phone,47.0,104084.92,4891991.24,2025-05-18,Retail,61fa8e7a-078c-46ce-bf02-23bc651ea252,104084.92,4891991.24,High,2025,5,18
Jodi Roach,Niger,Charger,47.0,29756.89,1398573.83,2025-06-29,Direct,5a9c0679-2c3d-47e2-ad39-da75aee70ab2,29756.89,1398573.83,High,2025,6,29
Brandon Fleming,imo,Camera,47.0,70027.13,3291275.1100000003,2024-02-20,,46653497-2fe9-42aa-a886-a01136f7a26c,70027.13,3291275.1100000003,High,2024,2,20
